--一、删除原来不在综合办公下的资源及相关授权
--1.删除获取系统角色与业务角色的绑定关系
 delete from sys_rlsy_dprb s where sub_id = '97206' and s.rlsy_id in (select t.rlsy_id from sys_role_syst t where sub_id = '97206' and t.resource_id in (select t.id from sys_resource t start with id = '1027147' connect by super_id = prior id));
 --查询系统角色对业务角色授权用
 --select s.rlsy_id,x.rlsy_nm, s.roleid,y.rolename from sys_rlsy_dprb s,sys_role_syst x,sys_flow_role y where s.sub_id = '97206' and s.rlsy_id in (select t.rlsy_id from sys_role_syst t where sub_id = '97206' and t.resource_id in (select t.id from sys_resource t start with id = '1027147' connect by super_id = prior id)) and s.rlsy_id = x.rlsy_id and s.roleid = y.roleid order by x.rlsy_nm;
 --2.删除系统角色和资源、资源元素的绑定关系，原来系统角色是档案管理打头
 delete from sys_ctrl_record t where t.rlsy_id in (select t.rlsy_id from sys_role_syst t where t.rlsy_nm like '档案管理-%' and t.status = '1');
 --3.删除系统角色
 delete from sys_role_syst t where sub_id = '97206' and t.status='1' and t.resource_id in (select t.id from sys_resource t start with id = '1027147' connect by super_id = prior id);
 --4.删除资源元素
 delete from sys_element_con t where sub_id = '97206' and t.resource_id in (select t.id from sys_resource t start with id = '1027147' connect by super_id = prior id);
 --5.删除资源配置
 delete from sys_robject_ext t where t.resource_id in (select t.id from sys_resource t start with id = '1027147' connect by super_id = prior id);
 --6.删除资源（模块）
 delete from sys_resource t start with id = '1027147' connect by super_id = prior id;

 --二、插入新的在综合办公下的资源及相关授权（前两天平台出过异常，造成部分授权丢失。整理sql前需要核实下系统角色跟资源绑定、对业务角色授权是否正确。）

 --1.档案管理模块和相关授权
 --资源
  insert into sys_resource (ID, TREE_ID, RESOURCETYPE_ID, RESOURCE_NAME, SUB_ID, TIME, AUTHER, MODIFIY_TIME, MODIFIER, CONTENT, MEMO, RESOURCE_ORDER, DISCRIPTION, SUPER_ID, S_NAVIGATION, IS_SHOW, IS_CONTROL_SUB, SUB_IDS, STATUS, FLAG, IS_PORTAL, RTYPE_ID, FORM_URL)
values ('4028da0669147b170169224eb2640049', '00520012', '97210', '档案管理', '97206', '2019-02-25 09:39:36', '1', '2019-03-08 15:50:27', '1', '/moduleIndex.html', '', 112, '', '1000000', '1', '0', '0', '', '1', '', '0', '1', '');

insert into sys_resource (ID, TREE_ID, RESOURCETYPE_ID, RESOURCE_NAME, SUB_ID, TIME, AUTHER, MODIFIY_TIME, MODIFIER, CONTENT, MEMO, RESOURCE_ORDER, DISCRIPTION, SUPER_ID, S_NAVIGATION, IS_SHOW, IS_CONTROL_SUB, SUB_IDS, STATUS, FLAG, IS_PORTAL, RTYPE_ID, FORM_URL)
values ('4028da0669147b17016922513e35007a', '005200120001', '97210', '整理编目', '97206', '2019-02-25 09:42:23', '1', '2019-03-08 11:53:55', '1', '#', '', 213, '', '4028da0669147b170169224eb2640049', '1', '0', '0', '', '1', '', '0', '1', '');

insert into sys_resource (ID, TREE_ID, RESOURCETYPE_ID, RESOURCE_NAME, SUB_ID, TIME, AUTHER, MODIFIY_TIME, MODIFIER, CONTENT, MEMO, RESOURCE_ORDER, DISCRIPTION, SUPER_ID, S_NAVIGATION, IS_SHOW, IS_CONTROL_SUB, SUB_IDS, STATUS, FLAG, IS_PORTAL, RTYPE_ID, FORM_URL)
values ('4028da0669147b1701692251fb7d0084', '0052001200010001', '97210', '单位预立库', '97206', '2019-02-25 09:43:11', '1', '2019-02-25 09:43:11', '1', '/modules/dagl/bmgl/index.html?dak=null&notAdmin=ok', '', 301, '', '4028da0669147b17016922513e35007a', '1', '0', '0', '', '1', '', '0', '1', '');

insert into sys_resource (ID, TREE_ID, RESOURCETYPE_ID, RESOURCE_NAME, SUB_ID, TIME, AUTHER, MODIFIY_TIME, MODIFIER, CONTENT, MEMO, RESOURCE_ORDER, DISCRIPTION, SUPER_ID, S_NAVIGATION, IS_SHOW, IS_CONTROL_SUB, SUB_IDS, STATUS, FLAG, IS_PORTAL, RTYPE_ID, FORM_URL)
values ('4028da0669147b170169225250e8008c', '0052001200010002', '97210', '预立库（按门类）', '97206', '2019-02-25 09:43:33', '1', '2019-02-25 09:43:33', '1', '/modules/dagl/bmgl/indexMl.html?dak=null', '', 302, '', '4028da0669147b17016922513e35007a', '1', '0', '0', '', '1', '', '0', '1', '');

insert into sys_resource (ID, TREE_ID, RESOURCETYPE_ID, RESOURCE_NAME, SUB_ID, TIME, AUTHER, MODIFIY_TIME, MODIFIER, CONTENT, MEMO, RESOURCE_ORDER, DISCRIPTION, SUPER_ID, S_NAVIGATION, IS_SHOW, IS_CONTROL_SUB, SUB_IDS, STATUS, FLAG, IS_PORTAL, RTYPE_ID, FORM_URL)
values ('4028da0669147b170169225291a9009b', '0052001200010003', '97210', '预立库（按立卷单位）', '97206', '2019-02-25 09:43:50', '1', '2019-02-25 09:43:50', '1', '/modules/dagl/bmgl/indexforLJ.html?dak=null', '', 303, '', '4028da0669147b17016922513e35007a', '1', '0', '0', '', '1', '', '0', '1', '');

insert into sys_resource (ID, TREE_ID, RESOURCETYPE_ID, RESOURCE_NAME, SUB_ID, TIME, AUTHER, MODIFIY_TIME, MODIFIER, CONTENT, MEMO, RESOURCE_ORDER, DISCRIPTION, SUPER_ID, S_NAVIGATION, IS_SHOW, IS_CONTROL_SUB, SUB_IDS, STATUS, FLAG, IS_PORTAL, RTYPE_ID, FORM_URL)
values ('4028da0669147b1701692252db2900a2', '0052001200010004', '97210', '单位归档库', '97206', '2019-02-25 09:44:09', '1', '2019-02-25 09:44:09', '1', '/modules/dagl/bmgl/indexForUnit.html?dak=dak', '', 304, '', '4028da0669147b17016922513e35007a', '1', '0', '0', '', '1', '', '0', '1', '');

insert into sys_resource (ID, TREE_ID, RESOURCETYPE_ID, RESOURCE_NAME, SUB_ID, TIME, AUTHER, MODIFIY_TIME, MODIFIER, CONTENT, MEMO, RESOURCE_ORDER, DISCRIPTION, SUPER_ID, S_NAVIGATION, IS_SHOW, IS_CONTROL_SUB, SUB_IDS, STATUS, FLAG, IS_PORTAL, RTYPE_ID, FORM_URL)
values ('4028da0669147b170169225318c900a9', '0052001200010005', '97210', '归档库', '97206', '2019-02-25 09:44:25', '1', '2019-02-25 09:44:25', '1', '/modules/dagl/bmgl/indexForAdmin.html?dak=dak', '', 305, '', '4028da0669147b17016922513e35007a', '1', '0', '0', '', '1', '', '0', '1', '');

insert into sys_resource (ID, TREE_ID, RESOURCETYPE_ID, RESOURCE_NAME, SUB_ID, TIME, AUTHER, MODIFIY_TIME, MODIFIER, CONTENT, MEMO, RESOURCE_ORDER, DISCRIPTION, SUPER_ID, S_NAVIGATION, IS_SHOW, IS_CONTROL_SUB, SUB_IDS, STATUS, FLAG, IS_PORTAL, RTYPE_ID, FORM_URL)
values ('4028da0669471a7401695b6972830881', '0052001200010006', '97210', 'Q2变更列表', '97206', '2019-03-08 11:47:11', '1', '2019-03-08 11:47:11', '1', '/modules/dagl/daly/qtwo/qtwoChangeList.html', 'Q2变更记录', 306, '', '4028da0669147b17016922513e35007a', '1', '0', '0', '', '1', '', '0', '1', '');

insert into sys_resource (ID, TREE_ID, RESOURCETYPE_ID, RESOURCE_NAME, SUB_ID, TIME, AUTHER, MODIFIY_TIME, MODIFIER, CONTENT, MEMO, RESOURCE_ORDER, DISCRIPTION, SUPER_ID, S_NAVIGATION, IS_SHOW, IS_CONTROL_SUB, SUB_IDS, STATUS, FLAG, IS_PORTAL, RTYPE_ID, FORM_URL)
values ('4028da0669147b170169225401b900b3', '005200120002', '97210', '档案借阅', '97206', '2019-02-25 09:45:24', '1', '2019-03-08 16:48:48', '1', '', '', 212, '', '4028da0669147b170169224eb2640049', '1', '0', '0', '', '1', '', '0', '1', '');

insert into sys_resource (ID, TREE_ID, RESOURCETYPE_ID, RESOURCE_NAME, SUB_ID, TIME, AUTHER, MODIFIY_TIME, MODIFIER, CONTENT, MEMO, RESOURCE_ORDER, DISCRIPTION, SUPER_ID, S_NAVIGATION, IS_SHOW, IS_CONTROL_SUB, SUB_IDS, STATUS, FLAG, IS_PORTAL, RTYPE_ID, FORM_URL)
values ('4028da0669147b170169228716960152', '0052001200020001', '97210', '档案检索', '97206', '2019-02-25 10:41:12', '1', '2019-02-25 14:39:49', '1', '/modules/dagl/daly/shoppingtrolley/shoppingTrolleyIndex.html?dak=dak', '立卷单位管理员查询档案并推送给借阅人', 305, '', '4028da0669147b170169225401b900b3', '1', '0', '0', '', '1', '', '0', '1', '');

insert into sys_resource (ID, TREE_ID, RESOURCETYPE_ID, RESOURCE_NAME, SUB_ID, TIME, AUTHER, MODIFIY_TIME, MODIFIER, CONTENT, MEMO, RESOURCE_ORDER, DISCRIPTION, SUPER_ID, S_NAVIGATION, IS_SHOW, IS_CONTROL_SUB, SUB_IDS, STATUS, FLAG, IS_PORTAL, RTYPE_ID, FORM_URL)
values ('4028da0669147b1701692287c30d0158', '0052001200020002', '97210', '借阅申请', '97206', '2019-02-25 10:41:56', '1', '2019-03-08 11:24:37', '1', '/modules/dagl/daly/borrow/apply/borrowApplyList.html', '借阅人的草稿列表', 302, '', '4028da0669147b170169225401b900b3', '1', '0', '0', '', '1', '', '0', '1', '');

insert into sys_resource (ID, TREE_ID, RESOURCETYPE_ID, RESOURCE_NAME, SUB_ID, TIME, AUTHER, MODIFIY_TIME, MODIFIER, CONTENT, MEMO, RESOURCE_ORDER, DISCRIPTION, SUPER_ID, S_NAVIGATION, IS_SHOW, IS_CONTROL_SUB, SUB_IDS, STATUS, FLAG, IS_PORTAL, RTYPE_ID, FORM_URL)
values ('4028da0669147b1701692288be94015e', '0052001200020003', '97210', '借阅记录', '97206', '2019-02-25 10:43:00', '1', '2019-02-27 14:49:51', '1', '/modules/dagl/daly/borrow/borrowrecord/borrowRecordList.html', '显示借阅人单次借阅列表', 303, '', '4028da0669147b170169225401b900b3', '1', '0', '0', '', '1', '', '0', '1', '');

insert into sys_resource (ID, TREE_ID, RESOURCETYPE_ID, RESOURCE_NAME, SUB_ID, TIME, AUTHER, MODIFIY_TIME, MODIFIER, CONTENT, MEMO, RESOURCE_ORDER, DISCRIPTION, SUPER_ID, S_NAVIGATION, IS_SHOW, IS_CONTROL_SUB, SUB_IDS, STATUS, FLAG, IS_PORTAL, RTYPE_ID, FORM_URL)
values ('4028da0669147b17016922894d280164', '0052001200020004', '97210', '已办列表', '97206', '2019-02-25 10:43:37', '1', '2019-03-01 09:41:38', '1', '/modules/workflow/yibanList.html?workFlowId=c333a7a057d142308a42f38e8ef74099,734f44278c21455aba920ab4d3452a95&flag=true', '借阅本单位、非本单位两个流程', 304, '', '4028da0669147b170169225401b900b3', '1', '0', '0', '', '1', '', '0', '1', '');

insert into sys_resource (ID, TREE_ID, RESOURCETYPE_ID, RESOURCE_NAME, SUB_ID, TIME, AUTHER, MODIFIY_TIME, MODIFIER, CONTENT, MEMO, RESOURCE_ORDER, DISCRIPTION, SUPER_ID, S_NAVIGATION, IS_SHOW, IS_CONTROL_SUB, SUB_IDS, STATUS, FLAG, IS_PORTAL, RTYPE_ID, FORM_URL)
values ('4028da0669147b17016922899ac0016b', '0052001200020005', '97210', '借阅管理', '97206', '2019-02-25 10:43:57', '1', '2019-03-08 11:54:34', '1', '#', '', 306, '', '4028da0669147b170169225401b900b3', '1', '0', '0', '', '1', '', '0', '1', '');

insert into sys_resource (ID, TREE_ID, RESOURCETYPE_ID, RESOURCE_NAME, SUB_ID, TIME, AUTHER, MODIFIY_TIME, MODIFIER, CONTENT, MEMO, RESOURCE_ORDER, DISCRIPTION, SUPER_ID, S_NAVIGATION, IS_SHOW, IS_CONTROL_SUB, SUB_IDS, STATUS, FLAG, IS_PORTAL, RTYPE_ID, FORM_URL)
values ('4028da0669147b170169228a14aa0172', '00520012000200050001', '97210', '传统借阅', '97206', '2019-02-25 10:44:28', '1', '2019-03-08 11:26:13', '1', '/modules/dagl/daly/borrow/borrowmanage/traditionalBorrowList.html', '手工登记借阅', 406, '', '4028da0669147b17016922899ac0016b', '1', '0', '0', '', '1', '', '0', '1', '');

insert into sys_resource (ID, TREE_ID, RESOURCETYPE_ID, RESOURCE_NAME, SUB_ID, TIME, AUTHER, MODIFIY_TIME, MODIFIER, CONTENT, MEMO, RESOURCE_ORDER, DISCRIPTION, SUPER_ID, S_NAVIGATION, IS_SHOW, IS_CONTROL_SUB, SUB_IDS, STATUS, FLAG, IS_PORTAL, RTYPE_ID, FORM_URL)
values ('4028da0669147b170169228a56bc0178', '00520012000200050002', '97210', '线上借阅', '97206', '2019-02-25 10:44:45', '1', '2019-03-08 15:35:43', '1', '/modules/dagl/daly/borrow/borrowmanage/onLineBorrowList.html', '走流程借阅', 407, '', '4028da0669147b17016922899ac0016b', '1', '0', '0', '', '1', '', '0', '1', '');

insert into sys_resource (ID, TREE_ID, RESOURCETYPE_ID, RESOURCE_NAME, SUB_ID, TIME, AUTHER, MODIFIY_TIME, MODIFIER, CONTENT, MEMO, RESOURCE_ORDER, DISCRIPTION, SUPER_ID, S_NAVIGATION, IS_SHOW, IS_CONTROL_SUB, SUB_IDS, STATUS, FLAG, IS_PORTAL, RTYPE_ID, FORM_URL)
values ('4028da0669147b170169228ad3d5017e', '00520012000200050003', '97210', '档案归还', '97206', '2019-02-25 10:45:17', '1', '2019-03-08 15:36:36', '1', '/modules/dagl/daly/borrow/borrowmanage/returnBorrowList.html', '按次显示未归还、部分归还列表', 408, '', '4028da0669147b17016922899ac0016b', '1', '0', '0', '', '1', '', '0', '1', '');

insert into sys_resource (ID, TREE_ID, RESOURCETYPE_ID, RESOURCE_NAME, SUB_ID, TIME, AUTHER, MODIFIY_TIME, MODIFIER, CONTENT, MEMO, RESOURCE_ORDER, DISCRIPTION, SUPER_ID, S_NAVIGATION, IS_SHOW, IS_CONTROL_SUB, SUB_IDS, STATUS, FLAG, IS_PORTAL, RTYPE_ID, FORM_URL)
values ('4028da0669147b170169228b6def0184', '00520012000200050004', '97210', '借阅记录（按档案）', '97206', '2019-02-25 10:45:56', '1', '2019-03-11 15:24:52', '1', '/modules/dagl/daly/borrow/borrowmanage/recordList.html', '按档案显示', 409, '', '4028da0669147b17016922899ac0016b', '1', '0', '0', '', '1', '', '0', '1', '');

insert into sys_resource (ID, TREE_ID, RESOURCETYPE_ID, RESOURCE_NAME, SUB_ID, TIME, AUTHER, MODIFIY_TIME, MODIFIER, CONTENT, MEMO, RESOURCE_ORDER, DISCRIPTION, SUPER_ID, S_NAVIGATION, IS_SHOW, IS_CONTROL_SUB, SUB_IDS, STATUS, FLAG, IS_PORTAL, RTYPE_ID, FORM_URL)
values ('4028da0669471a7401696a923a640afa', '00520012000200050005', '97210', '借阅记录（按次）', '97206', '2019-03-11 10:26:01', '1', '2019-03-11 10:26:01', '1', '/modules/dagl/daly/borrow/borrowmanage/recordPerList.html', '', 410, '', '4028da0669147b17016922899ac0016b', '1', '0', '0', '', '1', '', '0', '1', '');

insert into sys_resource (ID, TREE_ID, RESOURCETYPE_ID, RESOURCE_NAME, SUB_ID, TIME, AUTHER, MODIFIY_TIME, MODIFIER, CONTENT, MEMO, RESOURCE_ORDER, DISCRIPTION, SUPER_ID, S_NAVIGATION, IS_SHOW, IS_CONTROL_SUB, SUB_IDS, STATUS, FLAG, IS_PORTAL, RTYPE_ID, FORM_URL)
values ('4028da0669147b170169227a74f900fc', '005200120003', '97210', '编研管理', '97206', '2019-02-25 10:27:24', '1', '2019-03-08 15:32:16', '1', '/modules/dagl/bygl/studyingList.html', '', 214, '', '4028da0669147b170169224eb2640049', '1', '0', '0', '', '1', '', '0', '1', '');

insert into sys_resource (ID, TREE_ID, RESOURCETYPE_ID, RESOURCE_NAME, SUB_ID, TIME, AUTHER, MODIFIY_TIME, MODIFIER, CONTENT, MEMO, RESOURCE_ORDER, DISCRIPTION, SUPER_ID, S_NAVIGATION, IS_SHOW, IS_CONTROL_SUB, SUB_IDS, STATUS, FLAG, IS_PORTAL, RTYPE_ID, FORM_URL)
values ('4028da0669147b1701692283380a0125', '005200120004', '97210', '系统配置', '97206', '2019-02-25 10:36:58', '1', '2019-03-08 11:54:19', '1', '#', '', 215, '', '4028da0669147b170169224eb2640049', '1', '0', '0', '', '1', '', '0', '1', '');

insert into sys_resource (ID, TREE_ID, RESOURCETYPE_ID, RESOURCE_NAME, SUB_ID, TIME, AUTHER, MODIFIY_TIME, MODIFIER, CONTENT, MEMO, RESOURCE_ORDER, DISCRIPTION, SUPER_ID, S_NAVIGATION, IS_SHOW, IS_CONTROL_SUB, SUB_IDS, STATUS, FLAG, IS_PORTAL, RTYPE_ID, FORM_URL)
values ('4028da0669147b17016922843aea0131', '0052001200040001', '97210', '数据对照配置', '97206', '2019-02-25 10:38:05', '1', '2019-02-25 10:38:05', '1', '/modules/dagl/xtpz/contrastingrelations/relationsList.html', '', 301, '', '4028da0669147b1701692283380a0125', '1', '0', '0', '', '1', '', '0', '1', '');

insert into sys_resource (ID, TREE_ID, RESOURCETYPE_ID, RESOURCE_NAME, SUB_ID, TIME, AUTHER, MODIFIY_TIME, MODIFIER, CONTENT, MEMO, RESOURCE_ORDER, DISCRIPTION, SUPER_ID, S_NAVIGATION, IS_SHOW, IS_CONTROL_SUB, SUB_IDS, STATUS, FLAG, IS_PORTAL, RTYPE_ID, FORM_URL)
values ('4028da0669147b170169228472b20138', '0052001200040002', '97210', '档号规则管理', '97206', '2019-02-25 10:38:19', '1', '2019-02-25 10:38:19', '1', '/modules/dagl/xtpz/partynumrule/ruleList.html', '', 301, '', '4028da0669147b1701692283380a0125', '1', '0', '0', '', '1', '', '0', '1', '');

insert into sys_resource (ID, TREE_ID, RESOURCETYPE_ID, RESOURCE_NAME, SUB_ID, TIME, AUTHER, MODIFIY_TIME, MODIFIER, CONTENT, MEMO, RESOURCE_ORDER, DISCRIPTION, SUPER_ID, S_NAVIGATION, IS_SHOW, IS_CONTROL_SUB, SUB_IDS, STATUS, FLAG, IS_PORTAL, RTYPE_ID, FORM_URL)
values ('4028da0669147b1701692284b400013f', '0052001200040003', '97210', '数据字典', '97206', '2019-02-25 10:38:36', '1', '2019-02-25 10:38:36', '1', '/modules/system/config/dictionary/dictionaryList.html?mark=dagl', '', 301, '', '4028da0669147b1701692283380a0125', '1', '0', '0', '', '1', '', '0', '1', '');

insert into sys_resource (ID, TREE_ID, RESOURCETYPE_ID, RESOURCE_NAME, SUB_ID, TIME, AUTHER, MODIFIY_TIME, MODIFIER, CONTENT, MEMO, RESOURCE_ORDER, DISCRIPTION, SUPER_ID, S_NAVIGATION, IS_SHOW, IS_CONTROL_SUB, SUB_IDS, STATUS, FLAG, IS_PORTAL, RTYPE_ID, FORM_URL)
values ('4028da0669147b1701692284f6280146', '0052001200040004', '97210', '门类管理', '97206', '2019-02-25 10:38:52', '1', '2019-02-25 10:38:52', '1', '/modules/dagl/xtpz/mlgl/index.html', '', 301, '', '4028da0669147b1701692283380a0125', '1', '0', '0', '', '1', '', '0', '1', '');



  --资源配置
 insert into sys_robject_ext (ID, RESOURCE_ID, EXTNODE, EXTNODE_VALUE)
values ('4028da0669471a7401696a923a640afb', '4028da0669471a7401696a923a640afa', 'extType', '1');

insert into sys_robject_ext (ID, RESOURCE_ID, EXTNODE, EXTNODE_VALUE)
values ('4028da0669471a7401696a923a640afc', '4028da0669471a7401696a923a640afa', 'isPublish', '0');

insert into sys_robject_ext (ID, RESOURCE_ID, EXTNODE, EXTNODE_VALUE)
values ('4028da0669471a7401696a923a640afd', '4028da0669471a7401696a923a640afa', 'isPer', '0');

insert into sys_robject_ext (ID, RESOURCE_ID, EXTNODE, EXTNODE_VALUE)
values ('4028da0669147b17016923618ee80334', '4028da0669147b170169228716960152', 'isPer', '0');

insert into sys_robject_ext (ID, RESOURCE_ID, EXTNODE, EXTNODE_VALUE)
values ('4028da0669147b17016923618ee80335', '4028da0669147b170169228716960152', 'isPublish', '0');

insert into sys_robject_ext (ID, RESOURCE_ID, EXTNODE, EXTNODE_VALUE)
values ('4028da0669147b17016923618ee80336', '4028da0669147b170169228716960152', 'extType', '1');

insert into sys_robject_ext (ID, RESOURCE_ID, EXTNODE, EXTNODE_VALUE)
values ('4028da0669147b170169225291aa009c', '4028da0669147b170169225291a9009b', 'isPublish', '0');

insert into sys_robject_ext (ID, RESOURCE_ID, EXTNODE, EXTNODE_VALUE)
values ('4028da0669147b170169225291aa009d', '4028da0669147b170169225291a9009b', 'isPer', '0');

insert into sys_robject_ext (ID, RESOURCE_ID, EXTNODE, EXTNODE_VALUE)
values ('4028da0669147b170169225291aa009e', '4028da0669147b170169225291a9009b', 'extType', '1');

insert into sys_robject_ext (ID, RESOURCE_ID, EXTNODE, EXTNODE_VALUE)
values ('4028da0669471a7401695b70372108cb', '4028da0669147b17016922899ac0016b', 'isPublish', '0');

insert into sys_robject_ext (ID, RESOURCE_ID, EXTNODE, EXTNODE_VALUE)
values ('4028da0669471a7401695b70372108cc', '4028da0669147b17016922899ac0016b', 'extType', '1');

insert into sys_robject_ext (ID, RESOURCE_ID, EXTNODE, EXTNODE_VALUE)
values ('4028da0669471a7401695b70372108cd', '4028da0669147b17016922899ac0016b', 'isPer', '0');

insert into sys_robject_ext (ID, RESOURCE_ID, EXTNODE, EXTNODE_VALUE)
values ('4028da0669471a7401695b54cc210833', '4028da0669147b1701692287c30d0158', 'isPer', '0');

insert into sys_robject_ext (ID, RESOURCE_ID, EXTNODE, EXTNODE_VALUE)
values ('4028da0669471a7401695b54cc220834', '4028da0669147b1701692287c30d0158', 'extType', '1');

insert into sys_robject_ext (ID, RESOURCE_ID, EXTNODE, EXTNODE_VALUE)
values ('4028da0669471a7401695b54cc220835', '4028da0669147b1701692287c30d0158', 'isPublish', '0');

insert into sys_robject_ext (ID, RESOURCE_ID, EXTNODE, EXTNODE_VALUE)
values ('4028da0669471a7401695b5640340853', '4028da0669147b170169228a14aa0172', 'isPer', '0');

insert into sys_robject_ext (ID, RESOURCE_ID, EXTNODE, EXTNODE_VALUE)
values ('4028da0669471a7401695b5640340854', '4028da0669147b170169228a14aa0172', 'isPublish', '0');

insert into sys_robject_ext (ID, RESOURCE_ID, EXTNODE, EXTNODE_VALUE)
values ('4028da0669471a7401695b5640340855', '4028da0669147b170169228a14aa0172', 'extType', '1');

insert into sys_robject_ext (ID, RESOURCE_ID, EXTNODE, EXTNODE_VALUE)
values ('4028da0669471a7401695b6972840882', '4028da0669471a7401695b6972830881', 'extType', '1');

insert into sys_robject_ext (ID, RESOURCE_ID, EXTNODE, EXTNODE_VALUE)
values ('4028da0669471a7401695b6972840883', '4028da0669471a7401695b6972830881', 'isPublish', '0');

insert into sys_robject_ext (ID, RESOURCE_ID, EXTNODE, EXTNODE_VALUE)
values ('4028da0669471a7401695b6972840884', '4028da0669471a7401695b6972830881', 'isPer', '0');

insert into sys_robject_ext (ID, RESOURCE_ID, EXTNODE, EXTNODE_VALUE)
values ('4028da0669147b1701692284b4010140', '4028da0669147b1701692284b400013f', 'isPer', '0');

insert into sys_robject_ext (ID, RESOURCE_ID, EXTNODE, EXTNODE_VALUE)
values ('4028da0669147b1701692284b4010141', '4028da0669147b1701692284b400013f', 'extType', '1');

insert into sys_robject_ext (ID, RESOURCE_ID, EXTNODE, EXTNODE_VALUE)
values ('4028da0669147b1701692284b4010142', '4028da0669147b1701692284b400013f', 'isPublish', '0');

insert into sys_robject_ext (ID, RESOURCE_ID, EXTNODE, EXTNODE_VALUE)
values ('4028da0669471a7401695c7d979e0a2e', '4028da0669147b170169225401b900b3', 'isPer', '0');

insert into sys_robject_ext (ID, RESOURCE_ID, EXTNODE, EXTNODE_VALUE)
values ('4028da0669471a7401695c7d979f0a2f', '4028da0669147b170169225401b900b3', 'isPublish', '0');

insert into sys_robject_ext (ID, RESOURCE_ID, EXTNODE, EXTNODE_VALUE)
values ('4028da0669471a7401695c7d979f0a30', '4028da0669147b170169225401b900b3', 'extType', '1');

insert into sys_robject_ext (ID, RESOURCE_ID, EXTNODE, EXTNODE_VALUE)
values ('4028da0669471a7401696ba3d3e00b32', '4028da0669147b170169228b6def0184', 'extType', '1');

insert into sys_robject_ext (ID, RESOURCE_ID, EXTNODE, EXTNODE_VALUE)
values ('4028da0669471a7401696ba3d3e00b33', '4028da0669147b170169228b6def0184', 'isPublish', '0');

insert into sys_robject_ext (ID, RESOURCE_ID, EXTNODE, EXTNODE_VALUE)
values ('4028da0669471a7401696ba3d3e00b34', '4028da0669147b170169228b6def0184', 'isPer', '0');

insert into sys_robject_ext (ID, RESOURCE_ID, EXTNODE, EXTNODE_VALUE)
values ('4028da0669471a7401695c3785980955', '4028da0669147b170169227a74f900fc', 'extType', '1');

insert into sys_robject_ext (ID, RESOURCE_ID, EXTNODE, EXTNODE_VALUE)
values ('4028da0669471a7401695c3785980956', '4028da0669147b170169227a74f900fc', 'isPer', '0');

insert into sys_robject_ext (ID, RESOURCE_ID, EXTNODE, EXTNODE_VALUE)
values ('4028da0669471a7401695c3785980957', '4028da0669147b170169227a74f900fc', 'isPublish', '0');

insert into sys_robject_ext (ID, RESOURCE_ID, EXTNODE, EXTNODE_VALUE)
values ('4028da0669147b17016936e9fdb30c35', '4028da0669147b17016922894d280164', 'extType', '1');

insert into sys_robject_ext (ID, RESOURCE_ID, EXTNODE, EXTNODE_VALUE)
values ('4028da0669147b17016936e9fdb30c36', '4028da0669147b17016922894d280164', 'isPer', '0');

insert into sys_robject_ext (ID, RESOURCE_ID, EXTNODE, EXTNODE_VALUE)
values ('4028da0669147b17016936e9fdb30c37', '4028da0669147b17016922894d280164', 'isPublish', '0');

insert into sys_robject_ext (ID, RESOURCE_ID, EXTNODE, EXTNODE_VALUE)
values ('4028da0669471a7401695b6ffc3608c4', '4028da0669147b1701692283380a0125', 'isPublish', '0');

insert into sys_robject_ext (ID, RESOURCE_ID, EXTNODE, EXTNODE_VALUE)
values ('4028da0669471a7401695b6ffc3608c5', '4028da0669147b1701692283380a0125', 'extType', '1');

insert into sys_robject_ext (ID, RESOURCE_ID, EXTNODE, EXTNODE_VALUE)
values ('4028da0669471a7401695b6ffc3608c6', '4028da0669147b1701692283380a0125', 'isPer', '0');

insert into sys_robject_ext (ID, RESOURCE_ID, EXTNODE, EXTNODE_VALUE)
values ('4028da0669471a7401695b6f9d3908b6', '4028da0669147b17016922513e35007a', 'isPer', '0');

insert into sys_robject_ext (ID, RESOURCE_ID, EXTNODE, EXTNODE_VALUE)
values ('4028da0669471a7401695b6f9d3908b7', '4028da0669147b17016922513e35007a', 'isPublish', '0');

insert into sys_robject_ext (ID, RESOURCE_ID, EXTNODE, EXTNODE_VALUE)
values ('4028da0669471a7401695b6f9d3908b8', '4028da0669147b17016922513e35007a', 'extType', '1');

insert into sys_robject_ext (ID, RESOURCE_ID, EXTNODE, EXTNODE_VALUE)
values ('4028da0669147b1701692db774d80541', '4028da0669147b1701692288be94015e', 'isPer', '0');

insert into sys_robject_ext (ID, RESOURCE_ID, EXTNODE, EXTNODE_VALUE)
values ('4028da0669147b1701692db774d80542', '4028da0669147b1701692288be94015e', 'extType', '1');

insert into sys_robject_ext (ID, RESOURCE_ID, EXTNODE, EXTNODE_VALUE)
values ('4028da0669147b1701692db774d80543', '4028da0669147b1701692288be94015e', 'isPublish', '0');

insert into sys_robject_ext (ID, RESOURCE_ID, EXTNODE, EXTNODE_VALUE)
values ('4028da0669147b170169228472b30139', '4028da0669147b170169228472b20138', 'extType', '1');

insert into sys_robject_ext (ID, RESOURCE_ID, EXTNODE, EXTNODE_VALUE)
values ('4028da0669147b170169228472b3013a', '4028da0669147b170169228472b20138', 'isPer', '0');

insert into sys_robject_ext (ID, RESOURCE_ID, EXTNODE, EXTNODE_VALUE)
values ('4028da0669147b170169228472b3013b', '4028da0669147b170169228472b20138', 'isPublish', '0');

insert into sys_robject_ext (ID, RESOURCE_ID, EXTNODE, EXTNODE_VALUE)
values ('4028da0669147b1701692251fb7d0085', '4028da0669147b1701692251fb7d0084', 'extType', '1');

insert into sys_robject_ext (ID, RESOURCE_ID, EXTNODE, EXTNODE_VALUE)
values ('4028da0669147b1701692251fb7d0086', '4028da0669147b1701692251fb7d0084', 'isPublish', '0');

insert into sys_robject_ext (ID, RESOURCE_ID, EXTNODE, EXTNODE_VALUE)
values ('4028da0669147b1701692251fb7d0087', '4028da0669147b1701692251fb7d0084', 'isPer', '0');

insert into sys_robject_ext (ID, RESOURCE_ID, EXTNODE, EXTNODE_VALUE)
values ('4028da0669147b170169225250e9008d', '4028da0669147b170169225250e8008c', 'extType', '1');

insert into sys_robject_ext (ID, RESOURCE_ID, EXTNODE, EXTNODE_VALUE)
values ('4028da0669147b170169225250e9008e', '4028da0669147b170169225250e8008c', 'isPublish', '0');

insert into sys_robject_ext (ID, RESOURCE_ID, EXTNODE, EXTNODE_VALUE)
values ('4028da0669147b170169225250e9008f', '4028da0669147b170169225250e8008c', 'isPer', '0');

insert into sys_robject_ext (ID, RESOURCE_ID, EXTNODE, EXTNODE_VALUE)
values ('4028da0669147b1701692252db2900a3', '4028da0669147b1701692252db2900a2', 'extType', '1');

insert into sys_robject_ext (ID, RESOURCE_ID, EXTNODE, EXTNODE_VALUE)
values ('4028da0669147b1701692252db2900a4', '4028da0669147b1701692252db2900a2', 'isPublish', '0');

insert into sys_robject_ext (ID, RESOURCE_ID, EXTNODE, EXTNODE_VALUE)
values ('4028da0669147b1701692252db2900a5', '4028da0669147b1701692252db2900a2', 'isPer', '0');

insert into sys_robject_ext (ID, RESOURCE_ID, EXTNODE, EXTNODE_VALUE)
values ('4028da0669147b170169225318c900aa', '4028da0669147b170169225318c900a9', 'extType', '1');

insert into sys_robject_ext (ID, RESOURCE_ID, EXTNODE, EXTNODE_VALUE)
values ('4028da0669147b170169225318c900ab', '4028da0669147b170169225318c900a9', 'isPer', '0');

insert into sys_robject_ext (ID, RESOURCE_ID, EXTNODE, EXTNODE_VALUE)
values ('4028da0669147b170169225318ca00ac', '4028da0669147b170169225318c900a9', 'isPublish', '0');

insert into sys_robject_ext (ID, RESOURCE_ID, EXTNODE, EXTNODE_VALUE)
values ('4028da0669147b17016922843aeb0132', '4028da0669147b17016922843aea0131', 'extType', '1');

insert into sys_robject_ext (ID, RESOURCE_ID, EXTNODE, EXTNODE_VALUE)
values ('4028da0669147b17016922843aeb0133', '4028da0669147b17016922843aea0131', 'isPublish', '0');

insert into sys_robject_ext (ID, RESOURCE_ID, EXTNODE, EXTNODE_VALUE)
values ('4028da0669147b17016922843aeb0134', '4028da0669147b17016922843aea0131', 'isPer', '0');

insert into sys_robject_ext (ID, RESOURCE_ID, EXTNODE, EXTNODE_VALUE)
values ('4028da0669147b1701692284f6290147', '4028da0669147b1701692284f6280146', 'isPublish', '0');

insert into sys_robject_ext (ID, RESOURCE_ID, EXTNODE, EXTNODE_VALUE)
values ('4028da0669147b1701692284f6290148', '4028da0669147b1701692284f6280146', 'extType', '1');

insert into sys_robject_ext (ID, RESOURCE_ID, EXTNODE, EXTNODE_VALUE)
values ('4028da0669147b1701692284f6290149', '4028da0669147b1701692284f6280146', 'isPer', '0');

insert into sys_robject_ext (ID, RESOURCE_ID, EXTNODE, EXTNODE_VALUE)
values ('4028da0669471a7401695c482ab609b6', '4028da0669147b170169224eb2640049', 'extType', '1');

insert into sys_robject_ext (ID, RESOURCE_ID, EXTNODE, EXTNODE_VALUE)
values ('4028da0669471a7401695c482ab609b7', '4028da0669147b170169224eb2640049', 'isPublish', '0');

insert into sys_robject_ext (ID, RESOURCE_ID, EXTNODE, EXTNODE_VALUE)
values ('4028da0669471a7401695c482ab609b8', '4028da0669147b170169224eb2640049', 'isPer', '0');

insert into sys_robject_ext (ID, RESOURCE_ID, EXTNODE, EXTNODE_VALUE)
values ('4028da0669471a7401695c3aaff80971', '4028da0669147b170169228a56bc0178', 'isPer', '0');

insert into sys_robject_ext (ID, RESOURCE_ID, EXTNODE, EXTNODE_VALUE)
values ('4028da0669471a7401695c3aaff80972', '4028da0669147b170169228a56bc0178', 'isPublish', '0');

insert into sys_robject_ext (ID, RESOURCE_ID, EXTNODE, EXTNODE_VALUE)
values ('4028da0669471a7401695c3aaff80973', '4028da0669147b170169228a56bc0178', 'extType', '1');

insert into sys_robject_ext (ID, RESOURCE_ID, EXTNODE, EXTNODE_VALUE)
values ('4028da0669471a7401695c3b7e7d097d', '4028da0669147b170169228ad3d5017e', 'isPer', '0');

insert into sys_robject_ext (ID, RESOURCE_ID, EXTNODE, EXTNODE_VALUE)
values ('4028da0669471a7401695c3b7e7d097e', '4028da0669147b170169228ad3d5017e', 'extType', '1');

insert into sys_robject_ext (ID, RESOURCE_ID, EXTNODE, EXTNODE_VALUE)
values ('4028da0669471a7401695c3b7e7d097f', '4028da0669147b170169228ad3d5017e', 'isPublish', '0');



  --资源元素（无）

  --系统角色
insert into sys_role_syst (RLSY_ID, RESOURCE_ID, RLSY_NM, ORDER_NO, SUPER_RLSY_ID, MEMO, AUTHER, STATUS, TIME, SYS_DEF, ROLE_TYPE, SUB_ID, TREE_ID, MODIFIY_TIME, MODIFIER, FLAG, RLSY_NO)
values ('4028da0669147b170169229100fc01a0', '4028da0669147b170169224eb2640049', '综合办公-档案管理-录入人', 0, '0', '录入本立卷单位档案', '1', '1', '2019-02-25 10:52:01', '0', '0', '97206', '0285', '2019-02-25 10:52:01', '1', '1', 'zhbg-dagl-lrr');

insert into sys_role_syst (RLSY_ID, RESOURCE_ID, RLSY_NM, ORDER_NO, SUPER_RLSY_ID, MEMO, AUTHER, STATUS, TIME, SYS_DEF, ROLE_TYPE, SUB_ID, TREE_ID, MODIFIY_TIME, MODIFIER, FLAG, RLSY_NO)
values ('4028da0669147b1701692292367f01a3', '4028da0669147b170169224eb2640049', '综合办公-档案管理-立卷单位管理员', 0, '0', '查询本立卷单位在归档库档案；将收集列表数据推送借阅人', '1', '1', '2019-02-25 10:53:21', '0', '0', '97206', '0286', '2019-02-25 10:53:21', '1', '1', 'zhbg-dagl-ljdwgly');

insert into sys_role_syst (RLSY_ID, RESOURCE_ID, RLSY_NM, ORDER_NO, SUPER_RLSY_ID, MEMO, AUTHER, STATUS, TIME, SYS_DEF, ROLE_TYPE, SUB_ID, TREE_ID, MODIFIY_TIME, MODIFIER, FLAG, RLSY_NO)
values ('4028da0669147b1701692295bc3001a6', '4028da0669147b170169224eb2640049', '综合办公-档案管理-档案馆管理员', 0, '0', '审核档案；办理借阅；系统配置', '1', '1', '2019-02-25 10:57:11', '0', '0', '97206', '0287', '2019-02-25 10:57:27', '1', '1', 'zhbg-dagl-daggly');

insert into sys_role_syst (RLSY_ID, RESOURCE_ID, RLSY_NM, ORDER_NO, SUPER_RLSY_ID, MEMO, AUTHER, STATUS, TIME, SYS_DEF, ROLE_TYPE, SUB_ID, TREE_ID, MODIFIY_TIME, MODIFIER, FLAG, RLSY_NO)
values ('4028da0669147b170169229c0e2a01ea', '4028da0669147b170169224eb2640049', '综合办公-档案管理-档案借阅人', 0, '0', '授权科长、副科长、一般涉密人员（科）', '1', '1', '2019-02-25 11:04:06', '0', '0', '97206', '0288', '2019-02-25 11:04:06', '1', '1', 'zhbg-dagl-dajyr');

insert into sys_role_syst (RLSY_ID, RESOURCE_ID, RLSY_NM, ORDER_NO, SUPER_RLSY_ID, MEMO, AUTHER, STATUS, TIME, SYS_DEF, ROLE_TYPE, SUB_ID, TREE_ID, MODIFIY_TIME, MODIFIER, FLAG, RLSY_NO)
values ('4028da0669471a7401695b5801080860', '4028da0669147b170169224eb2640049', '综合办公-档案管理-借阅审批人', 0, '0', '借阅流程审批人：各处副处长、处长', '1', '1', '2019-03-08 11:28:07', '0', '0', '97206', '0292', '2019-03-08 11:28:07', '1', '1', 'zhbg_dagl_jyspr');


  --新增的业务角色(1)
insert into sys_flow_role (ROLEID, DPLV_ID, DEPTID, ROLENAME, ORDER_NO, ISVISIBLE, NOTE, AUTHER, STATUS, TIME, SYS_DEF, SUB_ID, ROLE_TYPE, ROLE_NO)
values ('4028da0668a305e60168e0e972160612', '93258', '441', '立卷单位管理员', 0, '1', '1、查看本立卷单位在档案馆中数据；2、起草借阅本立卷单位档案流程', '1', '1', '2019-02-12 16:53:42', '0', '97206', '', 'D705');


  --系统角色与资源、资源元素的绑定数据
insert into sys_ctrl_record (ID, RLSY_ID, RESOURCE_ID, RELEMENT_STR, IT_PURVIEW, IT_CONTROL, SUB_ID, AUTHOR, TIME)
values ('4028da0669147b1701692299146d01d4', '4028da0669147b1701692292367f01a3', '1000000', null, null, '0', '97206', '1', '2019-02-25 11:00:51');

insert into sys_ctrl_record (ID, RLSY_ID, RESOURCE_ID, RELEMENT_STR, IT_PURVIEW, IT_CONTROL, SUB_ID, AUTHOR, TIME)
values ('4028da0669147b1701692299146d01d5', '4028da0669147b1701692292367f01a3', '4028da0669147b170169224eb2640049', null, null, '0', '97206', '1', '2019-02-25 11:00:51');

insert into sys_ctrl_record (ID, RLSY_ID, RESOURCE_ID, RELEMENT_STR, IT_PURVIEW, IT_CONTROL, SUB_ID, AUTHOR, TIME)
values ('4028da0669147b1701692299146d01d6', '4028da0669147b1701692292367f01a3', '4028da0669147b17016922513e35007a', null, null, '0', '97206', '1', '2019-02-25 11:00:51');

insert into sys_ctrl_record (ID, RLSY_ID, RESOURCE_ID, RELEMENT_STR, IT_PURVIEW, IT_CONTROL, SUB_ID, AUTHOR, TIME)
values ('4028da0669147b1701692299146d01d7', '4028da0669147b1701692292367f01a3', '4028da0669147b1701692252db2900a2', null, null, '0', '97206', '1', '2019-02-25 11:00:51');

insert into sys_ctrl_record (ID, RLSY_ID, RESOURCE_ID, RELEMENT_STR, IT_PURVIEW, IT_CONTROL, SUB_ID, AUTHOR, TIME)
values ('4028da0669147b1701692299146e01d8', '4028da0669147b1701692292367f01a3', '4028da0669147b170169225401b900b3', null, null, '0', '97206', '1', '2019-02-25 11:00:51');

insert into sys_ctrl_record (ID, RLSY_ID, RESOURCE_ID, RELEMENT_STR, IT_PURVIEW, IT_CONTROL, SUB_ID, AUTHOR, TIME)
values ('4028da0669147b1701692299146e01d9', '4028da0669147b1701692292367f01a3', '4028da0669147b170169228716960152', null, null, '0', '97206', '1', '2019-02-25 11:00:51');

insert into sys_ctrl_record (ID, RLSY_ID, RESOURCE_ID, RELEMENT_STR, IT_PURVIEW, IT_CONTROL, SUB_ID, AUTHOR, TIME)
values ('4028da0669471a7401695c6117c00a12', '4028da0669147b170169229c0e2a01ea', '1000000', null, null, '0', '97206', '1', '2019-03-08 16:17:40');

insert into sys_ctrl_record (ID, RLSY_ID, RESOURCE_ID, RELEMENT_STR, IT_PURVIEW, IT_CONTROL, SUB_ID, AUTHOR, TIME)
values ('4028da0669471a7401695c6117c00a13', '4028da0669147b170169229c0e2a01ea', '4028da0669147b170169224eb2640049', null, null, '0', '97206', '1', '2019-03-08 16:17:40');

insert into sys_ctrl_record (ID, RLSY_ID, RESOURCE_ID, RELEMENT_STR, IT_PURVIEW, IT_CONTROL, SUB_ID, AUTHOR, TIME)
values ('4028da0669471a7401695c6117c00a14', '4028da0669147b170169229c0e2a01ea', '4028da0669147b170169225401b900b3', null, null, '0', '97206', '1', '2019-03-08 16:17:40');

insert into sys_ctrl_record (ID, RLSY_ID, RESOURCE_ID, RELEMENT_STR, IT_PURVIEW, IT_CONTROL, SUB_ID, AUTHOR, TIME)
values ('4028da0669471a7401695c6117c00a15', '4028da0669147b170169229c0e2a01ea', '4028da0669147b1701692288be94015e', null, null, '0', '97206', '1', '2019-03-08 16:17:40');

insert into sys_ctrl_record (ID, RLSY_ID, RESOURCE_ID, RELEMENT_STR, IT_PURVIEW, IT_CONTROL, SUB_ID, AUTHOR, TIME)
values ('4028da0669471a7401695c6117c00a16', '4028da0669147b170169229c0e2a01ea', '4028da0669147b17016922894d280164', null, null, '0', '97206', '1', '2019-03-08 16:17:40');

insert into sys_ctrl_record (ID, RLSY_ID, RESOURCE_ID, RELEMENT_STR, IT_PURVIEW, IT_CONTROL, SUB_ID, AUTHOR, TIME)
values ('4028da0669471a7401695c6117c00a17', '4028da0669147b170169229c0e2a01ea', '4028da0669147b1701692287c30d0158', null, null, '0', '97206', '1', '2019-03-08 16:17:40');

insert into sys_ctrl_record (ID, RLSY_ID, RESOURCE_ID, RELEMENT_STR, IT_PURVIEW, IT_CONTROL, SUB_ID, AUTHOR, TIME)
values ('4028da0669471a7401695b5848fa0864', '4028da0669471a7401695b5801080860', '1000000', null, null, '0', '97206', '1', '2019-03-08 11:28:26');

insert into sys_ctrl_record (ID, RLSY_ID, RESOURCE_ID, RELEMENT_STR, IT_PURVIEW, IT_CONTROL, SUB_ID, AUTHOR, TIME)
values ('4028da0669471a7401695b5848fa0865', '4028da0669471a7401695b5801080860', '4028da0669147b170169224eb2640049', null, null, '0', '97206', '1', '2019-03-08 11:28:26');

insert into sys_ctrl_record (ID, RLSY_ID, RESOURCE_ID, RELEMENT_STR, IT_PURVIEW, IT_CONTROL, SUB_ID, AUTHOR, TIME)
values ('4028da0669471a7401695b5848fa0866', '4028da0669471a7401695b5801080860', '4028da0669147b170169225401b900b3', null, null, '0', '97206', '1', '2019-03-08 11:28:26');

insert into sys_ctrl_record (ID, RLSY_ID, RESOURCE_ID, RELEMENT_STR, IT_PURVIEW, IT_CONTROL, SUB_ID, AUTHOR, TIME)
values ('4028da0669471a7401695b5848fa0867', '4028da0669471a7401695b5801080860', '4028da0669147b17016922894d280164', null, null, '0', '97206', '1', '2019-03-08 11:28:26');

insert into sys_ctrl_record (ID, RLSY_ID, RESOURCE_ID, RELEMENT_STR, IT_PURVIEW, IT_CONTROL, SUB_ID, AUTHOR, TIME)
values ('4028da0669147b17016922977aeb01b2', '4028da0669147b170169229100fc01a0', '1000000', null, null, '0', '97206', '1', '2019-02-25 10:59:06');

insert into sys_ctrl_record (ID, RLSY_ID, RESOURCE_ID, RELEMENT_STR, IT_PURVIEW, IT_CONTROL, SUB_ID, AUTHOR, TIME)
values ('4028da0669147b17016922977aeb01b3', '4028da0669147b170169229100fc01a0', '4028da0669147b170169224eb2640049', null, null, '0', '97206', '1', '2019-02-25 10:59:06');

insert into sys_ctrl_record (ID, RLSY_ID, RESOURCE_ID, RELEMENT_STR, IT_PURVIEW, IT_CONTROL, SUB_ID, AUTHOR, TIME)
values ('4028da0669147b17016922977aeb01b4', '4028da0669147b170169229100fc01a0', '4028da0669147b17016922513e35007a', null, null, '0', '97206', '1', '2019-02-25 10:59:06');

insert into sys_ctrl_record (ID, RLSY_ID, RESOURCE_ID, RELEMENT_STR, IT_PURVIEW, IT_CONTROL, SUB_ID, AUTHOR, TIME)
values ('4028da0669147b17016922977aec01b5', '4028da0669147b170169229100fc01a0', '4028da0669147b1701692251fb7d0084', null, null, '0', '97206', '1', '2019-02-25 10:59:06');

insert into sys_ctrl_record (ID, RLSY_ID, RESOURCE_ID, RELEMENT_STR, IT_PURVIEW, IT_CONTROL, SUB_ID, AUTHOR, TIME)
values ('4028da0669471a7401696a92c9e90b05', '4028da0669147b1701692295bc3001a6', '1000000', null, null, '0', '97206', '1', '2019-03-11 10:26:38');

insert into sys_ctrl_record (ID, RLSY_ID, RESOURCE_ID, RELEMENT_STR, IT_PURVIEW, IT_CONTROL, SUB_ID, AUTHOR, TIME)
values ('4028da0669471a7401696a92c9e90b06', '4028da0669147b1701692295bc3001a6', '4028da0669147b170169224eb2640049', null, null, '0', '97206', '1', '2019-03-11 10:26:38');

insert into sys_ctrl_record (ID, RLSY_ID, RESOURCE_ID, RELEMENT_STR, IT_PURVIEW, IT_CONTROL, SUB_ID, AUTHOR, TIME)
values ('4028da0669471a7401696a92c9e90b07', '4028da0669147b1701692295bc3001a6', '4028da0669147b170169225401b900b3', null, null, '0', '97206', '1', '2019-03-11 10:26:38');

insert into sys_ctrl_record (ID, RLSY_ID, RESOURCE_ID, RELEMENT_STR, IT_PURVIEW, IT_CONTROL, SUB_ID, AUTHOR, TIME)
values ('4028da0669471a7401696a92c9e90b08', '4028da0669147b1701692295bc3001a6', '4028da0669147b17016922899ac0016b', null, null, '0', '97206', '1', '2019-03-11 10:26:38');

insert into sys_ctrl_record (ID, RLSY_ID, RESOURCE_ID, RELEMENT_STR, IT_PURVIEW, IT_CONTROL, SUB_ID, AUTHOR, TIME)
values ('4028da0669471a7401696a92c9e90b09', '4028da0669147b1701692295bc3001a6', '4028da0669147b170169228a56bc0178', null, null, '0', '97206', '1', '2019-03-11 10:26:38');

insert into sys_ctrl_record (ID, RLSY_ID, RESOURCE_ID, RELEMENT_STR, IT_PURVIEW, IT_CONTROL, SUB_ID, AUTHOR, TIME)
values ('4028da0669471a7401696a92c9e90b0a', '4028da0669147b1701692295bc3001a6', '4028da0669147b170169228b6def0184', null, null, '0', '97206', '1', '2019-03-11 10:26:38');

insert into sys_ctrl_record (ID, RLSY_ID, RESOURCE_ID, RELEMENT_STR, IT_PURVIEW, IT_CONTROL, SUB_ID, AUTHOR, TIME)
values ('4028da0669471a7401696a92c9e90b0b', '4028da0669147b1701692295bc3001a6', '4028da0669147b170169228a14aa0172', null, null, '0', '97206', '1', '2019-03-11 10:26:38');

insert into sys_ctrl_record (ID, RLSY_ID, RESOURCE_ID, RELEMENT_STR, IT_PURVIEW, IT_CONTROL, SUB_ID, AUTHOR, TIME)
values ('4028da0669471a7401696a92c9e90b0c', '4028da0669147b1701692295bc3001a6', '4028da0669147b170169228ad3d5017e', null, null, '0', '97206', '1', '2019-03-11 10:26:38');

insert into sys_ctrl_record (ID, RLSY_ID, RESOURCE_ID, RELEMENT_STR, IT_PURVIEW, IT_CONTROL, SUB_ID, AUTHOR, TIME)
values ('4028da0669471a7401696a92c9e90b0d', '4028da0669147b1701692295bc3001a6', '4028da0669471a7401696a923a640afa', null, null, '0', '97206', '1', '2019-03-11 10:26:38');

insert into sys_ctrl_record (ID, RLSY_ID, RESOURCE_ID, RELEMENT_STR, IT_PURVIEW, IT_CONTROL, SUB_ID, AUTHOR, TIME)
values ('4028da0669471a7401696a92c9e90b0e', '4028da0669147b1701692295bc3001a6', '4028da0669147b17016922513e35007a', null, null, '0', '97206', '1', '2019-03-11 10:26:38');

insert into sys_ctrl_record (ID, RLSY_ID, RESOURCE_ID, RELEMENT_STR, IT_PURVIEW, IT_CONTROL, SUB_ID, AUTHOR, TIME)
values ('4028da0669471a7401696a92c9e90b0f', '4028da0669147b1701692295bc3001a6', '4028da0669147b170169225250e8008c', null, null, '0', '97206', '1', '2019-03-11 10:26:38');

insert into sys_ctrl_record (ID, RLSY_ID, RESOURCE_ID, RELEMENT_STR, IT_PURVIEW, IT_CONTROL, SUB_ID, AUTHOR, TIME)
values ('4028da0669471a7401696a92c9e90b10', '4028da0669147b1701692295bc3001a6', '4028da0669147b170169225291a9009b', null, null, '0', '97206', '1', '2019-03-11 10:26:38');

insert into sys_ctrl_record (ID, RLSY_ID, RESOURCE_ID, RELEMENT_STR, IT_PURVIEW, IT_CONTROL, SUB_ID, AUTHOR, TIME)
values ('4028da0669471a7401696a92c9e90b11', '4028da0669147b1701692295bc3001a6', '4028da0669147b170169225318c900a9', null, null, '0', '97206', '1', '2019-03-11 10:26:38');

insert into sys_ctrl_record (ID, RLSY_ID, RESOURCE_ID, RELEMENT_STR, IT_PURVIEW, IT_CONTROL, SUB_ID, AUTHOR, TIME)
values ('4028da0669471a7401696a92c9e90b12', '4028da0669147b1701692295bc3001a6', '4028da0669471a7401695b6972830881', null, null, '0', '97206', '1', '2019-03-11 10:26:38');

insert into sys_ctrl_record (ID, RLSY_ID, RESOURCE_ID, RELEMENT_STR, IT_PURVIEW, IT_CONTROL, SUB_ID, AUTHOR, TIME)
values ('4028da0669471a7401696a92c9e90b13', '4028da0669147b1701692295bc3001a6', '4028da0669147b170169227a74f900fc', null, null, '0', '97206', '1', '2019-03-11 10:26:38');

insert into sys_ctrl_record (ID, RLSY_ID, RESOURCE_ID, RELEMENT_STR, IT_PURVIEW, IT_CONTROL, SUB_ID, AUTHOR, TIME)
values ('4028da0669471a7401696a92c9e90b14', '4028da0669147b1701692295bc3001a6', '4028da0669147b1701692283380a0125', null, null, '0', '97206', '1', '2019-03-11 10:26:38');

insert into sys_ctrl_record (ID, RLSY_ID, RESOURCE_ID, RELEMENT_STR, IT_PURVIEW, IT_CONTROL, SUB_ID, AUTHOR, TIME)
values ('4028da0669471a7401696a92c9e90b15', '4028da0669147b1701692295bc3001a6', '4028da0669147b17016922843aea0131', null, null, '0', '97206', '1', '2019-03-11 10:26:38');

insert into sys_ctrl_record (ID, RLSY_ID, RESOURCE_ID, RELEMENT_STR, IT_PURVIEW, IT_CONTROL, SUB_ID, AUTHOR, TIME)
values ('4028da0669471a7401696a92c9e90b16', '4028da0669147b1701692295bc3001a6', '4028da0669147b170169228472b20138', null, null, '0', '97206', '1', '2019-03-11 10:26:38');

insert into sys_ctrl_record (ID, RLSY_ID, RESOURCE_ID, RELEMENT_STR, IT_PURVIEW, IT_CONTROL, SUB_ID, AUTHOR, TIME)
values ('4028da0669471a7401696a92c9e90b17', '4028da0669147b1701692295bc3001a6', '4028da0669147b1701692284f6280146', null, null, '0', '97206', '1', '2019-03-11 10:26:38');

insert into sys_ctrl_record (ID, RLSY_ID, RESOURCE_ID, RELEMENT_STR, IT_PURVIEW, IT_CONTROL, SUB_ID, AUTHOR, TIME)
values ('4028da0669471a7401696a92c9e90b18', '4028da0669147b1701692295bc3001a6', '4028da0669147b1701692284b400013f', null, null, '0', '97206', '1', '2019-03-11 10:26:38');


  --系统角色与业务角色的绑定关系
insert into sys_rlsy_dprb (RSDR_ID, RLSY_ID, DEPTID, FLAG, ROLEID, TIME, AUTHER, STATUS, SUB_ID, ISDEF)
values ('4028da0669147b17016932480de00a1c', '4028da0669147b170169229c0e2a01ea', '', '', '100986', '2019-02-28 12:06:16', '1', '1', '97206', '0');

insert into sys_rlsy_dprb (RSDR_ID, RLSY_ID, DEPTID, FLAG, ROLEID, TIME, AUTHER, STATUS, SUB_ID, ISDEF)
values ('4028da0669471a7401695b5924ed0878', '4028da0669471a7401695b5801080860', '', '', '100629', '2019-03-08 11:29:22', '1', '1', '97206', '0');

insert into sys_rlsy_dprb (RSDR_ID, RLSY_ID, DEPTID, FLAG, ROLEID, TIME, AUTHER, STATUS, SUB_ID, ISDEF)
values ('4028da0669147b17016932b555fe0a63', '4028da0669147b170169229c0e2a01ea', '', '', '100631', '2019-02-28 14:05:38', '1', '1', '97206', '0');

insert into sys_rlsy_dprb (RSDR_ID, RLSY_ID, DEPTID, FLAG, ROLEID, TIME, AUTHER, STATUS, SUB_ID, ISDEF)
values ('4028da0669147b17016922a6e31d0228', '4028da0669147b170169229c0e2a01ea', '', '', '100630', '2019-02-25 11:15:56', '1', '1', '97206', '0');

insert into sys_rlsy_dprb (RSDR_ID, RLSY_ID, DEPTID, FLAG, ROLEID, TIME, AUTHER, STATUS, SUB_ID, ISDEF)
values ('4028da0669147b17016932480dc50a1a', '4028da0669147b1701692295bc3001a6', '', '', '1027644', '2019-02-28 12:06:16', '1', '1', '97206', '0');

insert into sys_rlsy_dprb (RSDR_ID, RLSY_ID, DEPTID, FLAG, ROLEID, TIME, AUTHER, STATUS, SUB_ID, ISDEF)
values ('4028da0669147b17016932480dd30a1b', '4028da0669147b170169229c0e2a01ea', '', '', '100985', '2019-02-28 12:06:16', '1', '1', '97206', '0');

insert into sys_rlsy_dprb (RSDR_ID, RLSY_ID, DEPTID, FLAG, ROLEID, TIME, AUTHER, STATUS, SUB_ID, ISDEF)
values ('4028da0669471a7401695b5924de0877', '4028da0669471a7401695b5801080860', '', '', '100644', '2019-03-08 11:29:22', '1', '1', '97206', '0');

insert into sys_rlsy_dprb (RSDR_ID, RLSY_ID, DEPTID, FLAG, ROLEID, TIME, AUTHER, STATUS, SUB_ID, ISDEF)
values ('4028da0669147b17016932480db70a19', '4028da0669147b1701692292367f01a3', '', '', '4028da0668a305e60168e0e972160612', '2019-02-28 12:06:16', '1', '1', '97206', '0');

insert into sys_rlsy_dprb (RSDR_ID, RLSY_ID, DEPTID, FLAG, ROLEID, TIME, AUTHER, STATUS, SUB_ID, ISDEF)
values ('4028da0669147b17016932480ded0a1d', '4028da0669147b170169229100fc01a0', '', '', '1027643', '2019-02-28 12:06:16', '1', '1', '97206', '0');

--2.综合办公下文电管理模块和相关授权
--资源
  insert into sys_resource (ID, TREE_ID, RESOURCETYPE_ID, RESOURCE_NAME, SUB_ID, TIME, AUTHER, MODIFIY_TIME, MODIFIER, CONTENT, MEMO, RESOURCE_ORDER, DISCRIPTION, SUPER_ID, S_NAVIGATION, IS_SHOW, IS_CONTROL_SUB, SUB_IDS, STATUS, FLAG, IS_PORTAL, RTYPE_ID, FORM_URL)
values ('4028da0669147b170169224f331f0054', '00520013', '97210', '文电管理', '97206', '2019-02-25 09:40:09', '1', '2019-02-25 09:45:52', '1', '/moduleIndex.html', '', 111, '', '1000000', '1', '0', '0', '', '1', '', '0', '1', '');

insert into sys_resource (ID, TREE_ID, RESOURCETYPE_ID, RESOURCE_NAME, SUB_ID, TIME, AUTHER, MODIFIY_TIME, MODIFIER, CONTENT, MEMO, RESOURCE_ORDER, DISCRIPTION, SUPER_ID, S_NAVIGATION, IS_SHOW, IS_CONTROL_SUB, SUB_IDS, STATUS, FLAG, IS_PORTAL, RTYPE_ID, FORM_URL)
values ('4028da0669147b17016922500196005f', '005200130001', '97210', '基础配置', '97206', '2019-02-25 09:41:02', '1', '2019-02-25 09:41:02', '1', '/modules/dagl/wdgl/configuration/wdglList.html', '', 213, '', '4028da0669147b170169224f331f0054', '1', '0', '0', '', '1', '', '0', '1', '');

insert into sys_resource (ID, TREE_ID, RESOURCETYPE_ID, RESOURCE_NAME, SUB_ID, TIME, AUTHER, MODIFIY_TIME, MODIFIER, CONTENT, MEMO, RESOURCE_ORDER, DISCRIPTION, SUPER_ID, S_NAVIGATION, IS_SHOW, IS_CONTROL_SUB, SUB_IDS, STATUS, FLAG, IS_PORTAL, RTYPE_ID, FORM_URL)
values ('4028da0669147b1701692250491b0069', '005200130002', '97210', '收文', '97206', '2019-02-25 09:41:20', '1', '2019-02-25 09:41:20', '1', '/modules/dagl/wdgl/receiveFile/wdglList.html?sourceName=dagl_receive_file', '', 211, '', '4028da0669147b170169224f331f0054', '1', '0', '0', '', '1', '', '0', '1', '');

insert into sys_resource (ID, TREE_ID, RESOURCETYPE_ID, RESOURCE_NAME, SUB_ID, TIME, AUTHER, MODIFIY_TIME, MODIFIER, CONTENT, MEMO, RESOURCE_ORDER, DISCRIPTION, SUPER_ID, S_NAVIGATION, IS_SHOW, IS_CONTROL_SUB, SUB_IDS, STATUS, FLAG, IS_PORTAL, RTYPE_ID, FORM_URL)
values ('4028da0669147b1701692250966a0070', '005200130003', '97210', '发文', '97206', '2019-02-25 09:41:40', '1', '2019-02-25 09:41:40', '1', '/modules/dagl/wdgl/sendFile/wdglSendList.html?sourceName=dagl_send_file', '', 212, '', '4028da0669147b170169224f331f0054', '1', '0', '0', '', '1', '', '0', '1', '');



  --资源配置
insert into sys_robject_ext (ID, RESOURCE_ID, EXTNODE, EXTNODE_VALUE)
values ('4028da0669147b170169225001960060', '4028da0669147b17016922500196005f', 'extType', '1');

insert into sys_robject_ext (ID, RESOURCE_ID, EXTNODE, EXTNODE_VALUE)
values ('4028da0669147b170169225001970061', '4028da0669147b17016922500196005f', 'isPublish', '0');

insert into sys_robject_ext (ID, RESOURCE_ID, EXTNODE, EXTNODE_VALUE)
values ('4028da0669147b170169225001970062', '4028da0669147b17016922500196005f', 'isPer', '0');

insert into sys_robject_ext (ID, RESOURCE_ID, EXTNODE, EXTNODE_VALUE)
values ('4028da0669147b1701692250966a0071', '4028da0669147b1701692250966a0070', 'isPublish', '0');

insert into sys_robject_ext (ID, RESOURCE_ID, EXTNODE, EXTNODE_VALUE)
values ('4028da0669147b1701692250966a0072', '4028da0669147b1701692250966a0070', 'isPer', '0');

insert into sys_robject_ext (ID, RESOURCE_ID, EXTNODE, EXTNODE_VALUE)
values ('4028da0669147b1701692250966a0073', '4028da0669147b1701692250966a0070', 'extType', '1');

insert into sys_robject_ext (ID, RESOURCE_ID, EXTNODE, EXTNODE_VALUE)
values ('4028da0669147b1701692250491c006a', '4028da0669147b1701692250491b0069', 'extType', '1');

insert into sys_robject_ext (ID, RESOURCE_ID, EXTNODE, EXTNODE_VALUE)
values ('4028da0669147b1701692250491c006b', '4028da0669147b1701692250491b0069', 'isPer', '0');

insert into sys_robject_ext (ID, RESOURCE_ID, EXTNODE, EXTNODE_VALUE)
values ('4028da0669147b1701692250491c006c', '4028da0669147b1701692250491b0069', 'isPublish', '0');

insert into sys_robject_ext (ID, RESOURCE_ID, EXTNODE, EXTNODE_VALUE)
values ('4028da0669147b17016922546d0f00bd', '4028da0669147b170169224f331f0054', 'isPer', '0');

insert into sys_robject_ext (ID, RESOURCE_ID, EXTNODE, EXTNODE_VALUE)
values ('4028da0669147b17016922546d0f00be', '4028da0669147b170169224f331f0054', 'isPublish', '0');

insert into sys_robject_ext (ID, RESOURCE_ID, EXTNODE, EXTNODE_VALUE)
values ('4028da0669147b17016922546d0f00bf', '4028da0669147b170169224f331f0054', 'extType', '1');


  --资源元素（无）

  --系统角色
insert into sys_role_syst (RLSY_ID, RESOURCE_ID, RLSY_NM, ORDER_NO, SUPER_RLSY_ID, MEMO, AUTHER, STATUS, TIME, SYS_DEF, ROLE_TYPE, SUB_ID, TREE_ID, MODIFIY_TIME, MODIFIER, FLAG, RLSY_NO)
values ('4028da0669147b170169228e05690190', '4028da0669147b170169224f331f0054', '综合办公-文电管理员', 0, '0', '收发文登记', '1', '1', '2019-02-25 10:48:46', '0', '0', '97206', '0284', '2019-02-25 10:48:46', '1', '1', 'zhbg-wdgly');


  --业务角色（无）

  --系统角色与资源、资源元素的绑定
insert into sys_ctrl_record (ID, RLSY_ID, RESOURCE_ID, RELEMENT_STR, IT_PURVIEW, IT_CONTROL, SUB_ID, AUTHOR, TIME)
values ('4028da0669147b17016932c4d5b20b02', '4028da0669147b170169228e05690190', '1000000', null, null, '0', '97206', '1', '2019-02-28 14:22:34');

insert into sys_ctrl_record (ID, RLSY_ID, RESOURCE_ID, RELEMENT_STR, IT_PURVIEW, IT_CONTROL, SUB_ID, AUTHOR, TIME)
values ('4028da0669147b17016932c4d5b20b03', '4028da0669147b170169228e05690190', '4028da0669147b170169224f331f0054', null, null, '0', '97206', '1', '2019-02-28 14:22:34');

insert into sys_ctrl_record (ID, RLSY_ID, RESOURCE_ID, RELEMENT_STR, IT_PURVIEW, IT_CONTROL, SUB_ID, AUTHOR, TIME)
values ('4028da0669147b17016932c4d5b20b04', '4028da0669147b170169228e05690190', '4028da0669147b1701692250491b0069', null, null, '0', '97206', '1', '2019-02-28 14:22:34');

insert into sys_ctrl_record (ID, RLSY_ID, RESOURCE_ID, RELEMENT_STR, IT_PURVIEW, IT_CONTROL, SUB_ID, AUTHOR, TIME)
values ('4028da0669147b17016932c4d5b20b05', '4028da0669147b170169228e05690190', '4028da0669147b17016922500196005f', null, null, '0', '97206', '1', '2019-02-28 14:22:34');

insert into sys_ctrl_record (ID, RLSY_ID, RESOURCE_ID, RELEMENT_STR, IT_PURVIEW, IT_CONTROL, SUB_ID, AUTHOR, TIME)
values ('4028da0669147b17016932c4d5b20b06', '4028da0669147b170169228e05690190', '4028da0669147b1701692250966a0070', null, null, '0', '97206', '1', '2019-02-28 14:22:34');


  --系统角色与业务角色的绑定
insert into sys_rlsy_dprb (RSDR_ID, RLSY_ID, DEPTID, FLAG, ROLEID, TIME, AUTHER, STATUS, SUB_ID, ISDEF)
values ('4028da0669471a74016979e1c6300f18', '4028da0669147b170169228e05690190', null, null, '1000687', '2019-03-14 09:47:13', '1', '1', '97206', '0');

insert into sys_rlsy_dprb (RSDR_ID, RLSY_ID, DEPTID, FLAG, ROLEID, TIME, AUTHER, STATUS, SUB_ID, ISDEF)
values ('4028da0669471a74016979e1c6230f17', '4028da0669147b170169228e05690190', null, null, '1000685', '2019-03-14 09:47:13', '1', '1', '97206', '0');


