insert into FLOW_WORKFLOW (WORKFLOWID,WORKFLOWNAME,CREATETIME,FLOW_ADMIN,DEPT_ID,FLOWTYPE_ID,Z_WHO,Z_STATUS,Z_WHEN,WORKFLOW_EXPAND,ISNOTIFY,LIMITED,NOTIFYTYPE,ISMODIFIED,WAITDOCOMBINE,DESCRIPTION,OWNERS,VEISION,STARTUPTIME,SORTID,WAITDOURL,HANDDONEURL,FORM,DATAFROM,SYS_ID,ORGID,UPDATE_TIME,SUBFILETYPE) values('734f44278c21455aba920ab4d3452a95','借阅本单位档案','2018-11-20 09:16:23','1','','734f44278c21455aba920ab4d3452a95','','1','','734f44278c21455aba920ab4d3452a95','0','','','','','','','1','2018-11-20','b00f274b44384ce2877c76a2b71870b2','/modules/dagl/daly/borrow/ourunit/ourUnitBorrowEditForm.html','/modules/dagl/daly/borrow/ourunit/ourUnitBorrowReadOnlyForm.html','','1','97206','18043','2018-11-20 09:16:23','');
insert into FLOW_FILETYPE (FILETYPEID,FILETYPENAME,Z_STATUS,FILEADMIN,FLOWSORT,Z_WHO,SENDCLASS,FLOWOP,DEPTID,FLOWURL,FLOWURL2,FLOWORDER,LISTNAME,PAGENAME,FLOWSORT2,ADMIN_USER,SYS_ID,ORGID,UPDATE_TIME) values ('734f44278c21455aba920ab4d3452a95','借阅本单位档案','1','1','b00f274b44384ce2877c76a2b71870b2','','','','','','','','','档案借阅','','1','97206','18043','2018-11-30 11:15:22');
delete from flow_flowtype where WORKFLOWID ='734f44278c21455aba920ab4d3452a95';
delete from FLOW_FLOWTYPE where FILETYPEID='734f44278c21455aba920ab4d3452a95';
insert into FLOW_FLOWTYPE (FILETYPEID,WORKFLOWID,UPDATE_TIME) values ('734f44278c21455aba920ab4d3452a95','734f44278c21455aba920ab4d3452a95','');
insert into FLOW_WFLEVE (WFLEVEID,WORKFLOWID,WFLEVENAME,WFLEVE_TYPE,WFLEVE_VALUE,SUBFILETYPE,DEPTID,DEPT_LEVEL,ROLEID,DB_SOURCE,IS_START,ISEDIT,IDEAFIELD,SIGNFIELD,ISWRITE,ACCRCOLM,WFLEVECOND,ISMUCHECK,SENDMETHOD,MEMO,BUTTONS,VBNODEX,VBNODEY,TARGETPEOPLE,TARGETDEPT,TABLE_ID,SUBFLAG,FLOW_IDLIST,LINESQUENCE,PREHANDLE,AFTERHANDLE,VARUSER,ISNOTIFY,LIMITED,OVERNOTIFYTYPE,OVERMODIFIED,WAITDOCOMBINE,ISSENDWAITNOTIFY,WAITNOTIFYTYPE,WAITMODIFIED,APPLICATION,AUTONODETYPE,INVOKECONTENT,FORMURL,NODEPURIEWROLEID,WFLEVEID_EXPAND,FLOWCOURSE,CANDO,Z_WHO) values ('1542711815643','734f44278c21455aba920ab4d3452a95','处档案管理员','1','0','','','1','1027643','','1','0','','','1','','','0','','处档案管理员申请借阅信息','ghgl14,ghgl34,ghgl35,ghgl37,ghgl76','210.0','242.0','','','|dagl_borrow|id|','','','1542704381277','','','','1','','1','0','','0','1','1','','','','','','','','null|','0');
insert into FLOW_WFLEVE (WFLEVEID,WORKFLOWID,WFLEVENAME,WFLEVE_TYPE,WFLEVE_VALUE,SUBFILETYPE,DEPTID,DEPT_LEVEL,ROLEID,DB_SOURCE,IS_START,ISEDIT,IDEAFIELD,SIGNFIELD,ISWRITE,ACCRCOLM,WFLEVECOND,ISMUCHECK,SENDMETHOD,MEMO,BUTTONS,VBNODEX,VBNODEY,TARGETPEOPLE,TARGETDEPT,TABLE_ID,SUBFLAG,FLOW_IDLIST,LINESQUENCE,PREHANDLE,AFTERHANDLE,VARUSER,ISNOTIFY,LIMITED,OVERNOTIFYTYPE,OVERMODIFIED,WAITDOCOMBINE,ISSENDWAITNOTIFY,WAITNOTIFYTYPE,WAITMODIFIED,APPLICATION,AUTONODETYPE,INVOKECONTENT,FORMURL,NODEPURIEWROLEID,WFLEVEID_EXPAND,FLOWCOURSE,CANDO,Z_WHO) values ('1542703756993','734f44278c21455aba920ab4d3452a95','归档单位领导','3','0','','','1','100644,100629','','0','0','','','1','','','0','','归档单位领导审批','ghgl14,ghgl37,ghgl76','326.0','228.0','','','|dagl_borrow|id|','','','1542765117894|1542766219803','','','','1','','1','0','','0','1','1','','','','','','','','null|','0');
insert into FLOW_SUBIDEA (ID,NAME,SEQNUMBER,NODEID,ISVISIBLE,COVERMODE,FILLMODE,SPAREFIELD,ISSHOW,ISHQ,UPDATE_TIME,TYPEID,WORKFLOWID) values ('c682aac7e4db4998a5552a52e894481b','dagl_file_unit_leader_idea','0','1542703756993','1','1','2','','1','','','3dafd03f181541569b7821204be6da7f','734f44278c21455aba920ab4d3452a95');
insert into FLOW_WFLEVE (WFLEVEID,WORKFLOWID,WFLEVENAME,WFLEVE_TYPE,WFLEVE_VALUE,SUBFILETYPE,DEPTID,DEPT_LEVEL,ROLEID,DB_SOURCE,IS_START,ISEDIT,IDEAFIELD,SIGNFIELD,ISWRITE,ACCRCOLM,WFLEVECOND,ISMUCHECK,SENDMETHOD,MEMO,BUTTONS,VBNODEX,VBNODEY,TARGETPEOPLE,TARGETDEPT,TABLE_ID,SUBFLAG,FLOW_IDLIST,LINESQUENCE,PREHANDLE,AFTERHANDLE,VARUSER,ISNOTIFY,LIMITED,OVERNOTIFYTYPE,OVERMODIFIED,WAITDOCOMBINE,ISSENDWAITNOTIFY,WAITNOTIFYTYPE,WAITMODIFIED,APPLICATION,AUTONODETYPE,INVOKECONTENT,FORMURL,NODEPURIEWROLEID,WFLEVEID_EXPAND,FLOWCOURSE,CANDO,Z_WHO) values ('1542771476814','734f44278c21455aba920ab4d3452a95','局档案部门','3','0','','','1','1027644','','0','0','','','1','','','0','','局档案部门审批','ghgl06,ghgl07,ghgl14,ghgl37,ghgl76','525.0','227.0','','','|dagl_borrow|id|','','','1542767228393','','','','1','','1','0','','0','1','1','','','','','','','','null|','0');
insert into FLOW_SUBIDEA (ID,NAME,SEQNUMBER,NODEID,ISVISIBLE,COVERMODE,FILLMODE,SPAREFIELD,ISSHOW,ISHQ,UPDATE_TIME,TYPEID,WORKFLOWID) values ('5385dbfd10f54cd587ad90c8408d7739','dagl_jdabm_idea','0','1542771476814','1','1','2','','1','','','ac15d5ee25624b28b5f15871cb769eed','734f44278c21455aba920ab4d3452a95');
insert into FLOW_WFOPERATE (WFOPERATEID,WORKFLOWID,WFLEVEID,WFOPERATENAME,NEXTWFLEVEID,CONTROLCOND,BOUND,LEVELBOUND,LEVELNUM,TARGET,ENDSIGN,ISMUCHECK,SENDMETHOD,FLAG,MEMO,VBLINEX1,VBLINEX2,VBLINEY1,VBLINEY2,EXPRESSION,DEPTLEVEL,VBNODESTARTY,VBNODEENDY,LINETYPE,VBNODESTART,VBNODEEND,VBLINESTRAIGHT,VBLINEID,Z_WHO,Z_STATUS,Z_WHEN) values('1542704381277','734f44278c21455aba920ab4d3452a95','1542711815643','归档单位领导','1542703756993','','1','1',1,'3','0','4','','','','275.3333333333333','300.6666666666667','265.5','265.5','','18062521173280841921689040005','265.5','265.5','straightLine','250','326','','','','','');
insert into FLOW_WFOPERATE (WFOPERATEID,WORKFLOWID,WFLEVEID,WFOPERATENAME,NEXTWFLEVEID,CONTROLCOND,BOUND,LEVELBOUND,LEVELNUM,TARGET,ENDSIGN,ISMUCHECK,SENDMETHOD,FLAG,MEMO,VBLINEX1,VBLINEX2,VBLINEY1,VBLINEY2,EXPRESSION,DEPTLEVEL,VBNODESTARTY,VBNODEENDY,LINETYPE,VBNODESTART,VBNODEEND,VBLINESTRAIGHT,VBLINEID,Z_WHO,Z_STATUS,Z_WHEN) values('1542766219803','734f44278c21455aba920ab4d3452a95','1542703756993','处档案管理员','1542711815643','','8','',1,'','0','5','','','','300.6666666666667','275.3333333333333','258.5','258.5','','','258.5','258.5','straightLine','326','250','','','','','');
insert into FLOW_WFOPERATE (WFOPERATEID,WORKFLOWID,WFLEVEID,WFOPERATENAME,NEXTWFLEVEID,CONTROLCOND,BOUND,LEVELBOUND,LEVELNUM,TARGET,ENDSIGN,ISMUCHECK,SENDMETHOD,FLAG,MEMO,VBLINEX1,VBLINEX2,VBLINEY1,VBLINEY2,EXPRESSION,DEPTLEVEL,VBNODESTARTY,VBNODEENDY,LINETYPE,VBNODESTART,VBNODEEND,VBLINESTRAIGHT,VBLINEID,Z_WHO,Z_STATUS,Z_WHEN) values('1542765117894','734f44278c21455aba920ab4d3452a95','1542703756993','局档案部门','1542771476814','','6','1',1,'3','0','4','','','','462.3333333333333','493.6666666666667','266.5','266.5','','','266.5','266.5','straightLine','431','525','','','','','');
insert into FLOW_WFOPERATE (WFOPERATEID,WORKFLOWID,WFLEVEID,WFOPERATENAME,NEXTWFLEVEID,CONTROLCOND,BOUND,LEVELBOUND,LEVELNUM,TARGET,ENDSIGN,ISMUCHECK,SENDMETHOD,FLAG,MEMO,VBLINEX1,VBLINEX2,VBLINEY1,VBLINEY2,EXPRESSION,DEPTLEVEL,VBNODESTARTY,VBNODEENDY,LINETYPE,VBNODESTART,VBNODEEND,VBLINESTRAIGHT,VBLINEID,Z_WHO,Z_STATUS,Z_WHEN) values('1542767228393','734f44278c21455aba920ab4d3452a95','1542771476814','归档单位领导','1542703756993','DOMAN','4','1',1,'3','0','4','','','','493.6666666666667','462.3333333333333','259.5','259.5','','','259.5','259.5','straightLine','525','431','','','','','');
insert into FLOW_DEFINE_RELATION (ID,BUSINESS_ID,NOTE,STATE,UPDATE_TIME,TYPE_ID) values ('bc270a6b4961418dab268921ba9b490a','a82f795aae8a4718940174222e56b202','','1','','734f44278c21455aba920ab4d3452a95');
insert into FLOW_SUBIDEA_RELATION (ID,IDEA_TYPE_ID,NOTE,STATE,TYPE_ID,TYPE_ORDER,NAME,UPDATE_TIME) values ('d296bb7e039a4495bba8609c72ace149','ac15d5ee25624b28b5f15871cb769eed','局档案部门意见','1','734f44278c21455aba920ab4d3452a95','31','dagl_jdabm_idea','2018-11-30 11:15:22');
insert into FLOW_SUBIDEA_RELATION (ID,IDEA_TYPE_ID,NOTE,STATE,TYPE_ID,TYPE_ORDER,NAME,UPDATE_TIME) values ('915a21f4bde84f4c88eb0c0518db6cb1','3dafd03f181541569b7821204be6da7f','归档单位领导意见','1','734f44278c21455aba920ab4d3452a95','32','dagl_file_unit_leader_idea','2018-11-30 11:15:22');
insert into FLOW_BUTTON_RELATION (ID,BUTTON_ID,NOTE,STATE,UPDATE_TIME,TYPE_ID) values ('f6d4951edb5f464d9331c862f9168a5d','ghgl07','','1','','734f44278c21455aba920ab4d3452a95');
insert into FLOW_BUTTON_RELATION (ID,BUTTON_ID,NOTE,STATE,UPDATE_TIME,TYPE_ID) values ('bee46b087d4241e09dd5ebc38de02c63','ghgl37','','1','','734f44278c21455aba920ab4d3452a95');
insert into FLOW_BUTTON_RELATION (ID,BUTTON_ID,NOTE,STATE,UPDATE_TIME,TYPE_ID) values ('b0f8ebec1bc64828a2833357e0dedb64','ghgl06','','1','','734f44278c21455aba920ab4d3452a95');
insert into FLOW_BUTTON_RELATION (ID,BUTTON_ID,NOTE,STATE,UPDATE_TIME,TYPE_ID) values ('70ad1bca97e8408282e5a62d69c6c362','ghgl35','','1','','734f44278c21455aba920ab4d3452a95');
insert into FLOW_BUTTON_RELATION (ID,BUTTON_ID,NOTE,STATE,UPDATE_TIME,TYPE_ID) values ('61d36c71c28b43bd8ca0e8e86cba7b2c','ghgl34','','1','','734f44278c21455aba920ab4d3452a95');
insert into FLOW_BUTTON_RELATION (ID,BUTTON_ID,NOTE,STATE,UPDATE_TIME,TYPE_ID) values ('b21656f86a4444c89d90e1d7f3de4c52','ghgl14','','1','','734f44278c21455aba920ab4d3452a95');
insert into FLOW_BUTTON_RELATION (ID,BUTTON_ID,NOTE,STATE,UPDATE_TIME,TYPE_ID) values ('28a13f606945454cbd06047151baf3e1','ghgl76','','1','','734f44278c21455aba920ab4d3452a95');
