insert into FLOW_WORKFLOW (WORKFLOWID,WORKFLOWNAME,CREATETIME,FLOW_ADMIN,DEPT_ID,FLOWTYPE_ID,Z_WHO,Z_STATUS,Z_WHEN,WORKFLOW_EXPAND,ISNOTIFY,LIMITED,NOTIFYTYPE,ISMODIFIED,WAITDOCOMBINE,DESCRIPTION,OWNERS,VEISION,STARTUPTIME,SORTID,WAITDOURL,HANDDONEURL,FORM,DATAFROM,SYS_ID,ORGID,UPDATE_TIME,SUBFILETYPE) values('ce03df96b1424d848733fd7ad27b88b0','加班申请','2018-08-22 13:50:50','1','','ce03df96b1424d848733fd7ad27b88b0','','1','','ce03df96b1424d848733fd7ad27b88b0','0','','','','','','','1','2018-06-26','e1f222bb6de246f1a30f661796560974','/modules/zhbg/kqgl/overTime/overTimeEditForm.html','/modules/zhbg/kqgl/overTime/overTimeReadOnlyForm.html','','','97206','18043','2018-08-22 13:50:50','');
insert into FLOW_FILETYPE (FILETYPEID,FILETYPENAME,Z_STATUS,FILEADMIN,FLOWSORT,Z_WHO,SENDCLASS,FLOWOP,DEPTID,FLOWURL,FLOWURL2,FLOWORDER,LISTNAME,PAGENAME,FLOWSORT2,ADMIN_USER,SYS_ID,ORGID,UPDATE_TIME) values ('ce03df96b1424d848733fd7ad27b88b0','加班申请','1','','e1f222bb6de246f1a30f661796560974','','','','','','','','','考勤管理','','','97206','18043','2018-09-18 14:59:33');
delete from flow_flowtype where WORKFLOWID ='ce03df96b1424d848733fd7ad27b88b0';
delete from FLOW_FLOWTYPE where FILETYPEID='ce03df96b1424d848733fd7ad27b88b0';
insert into FLOW_FLOWTYPE (FILETYPEID,WORKFLOWID,UPDATE_TIME) values ('ce03df96b1424d848733fd7ad27b88b0','ce03df96b1424d848733fd7ad27b88b0','');
insert into FLOW_WFLEVE (WFLEVEID,WORKFLOWID,WFLEVENAME,WFLEVE_TYPE,WFLEVE_VALUE,SUBFILETYPE,DEPTID,DEPT_LEVEL,ROLEID,DB_SOURCE,IS_START,ISEDIT,IDEAFIELD,SIGNFIELD,ISWRITE,ACCRCOLM,WFLEVECOND,ISMUCHECK,SENDMETHOD,MEMO,BUTTONS,VBNODEX,VBNODEY,TARGETPEOPLE,TARGETDEPT,TABLE_ID,SUBFLAG,FLOW_IDLIST,LINESQUENCE,PREHANDLE,AFTERHANDLE,VARUSER,ISNOTIFY,LIMITED,OVERNOTIFYTYPE,OVERMODIFIED,WAITDOCOMBINE,ISSENDWAITNOTIFY,WAITNOTIFYTYPE,WAITMODIFIED,APPLICATION,AUTONODETYPE,INVOKECONTENT,FORMURL,NODEPURIEWROLEID,WFLEVEID_EXPAND,FLOWCOURSE,CANDO,Z_WHO) values ('cf29132ee10b43dabb6c42c5c1aedd07','ce03df96b1424d848733fd7ad27b88b0','副科长','1','0','','','1','100986','','1','1','','','1','','','0','','','ghgl14,ghgl37','211.39988708496094','141.7700653076172','','','|KQGL_OVER_TIME_INFO|id|','title','','e4bbbcd05d124a2ea14037cf3e3cb893|ca08785aeb1b4bc2bc9dacddef21e1bb','','','','0','','','0','','0','','0','','','','','1806261422598080192168901340016|1','','','null|','0');
insert into FLOW_WFLEVE (WFLEVEID,WORKFLOWID,WFLEVENAME,WFLEVE_TYPE,WFLEVE_VALUE,SUBFILETYPE,DEPTID,DEPT_LEVEL,ROLEID,DB_SOURCE,IS_START,ISEDIT,IDEAFIELD,SIGNFIELD,ISWRITE,ACCRCOLM,WFLEVECOND,ISMUCHECK,SENDMETHOD,MEMO,BUTTONS,VBNODEX,VBNODEY,TARGETPEOPLE,TARGETDEPT,TABLE_ID,SUBFLAG,FLOW_IDLIST,LINESQUENCE,PREHANDLE,AFTERHANDLE,VARUSER,ISNOTIFY,LIMITED,OVERNOTIFYTYPE,OVERMODIFIED,WAITDOCOMBINE,ISSENDWAITNOTIFY,WAITNOTIFYTYPE,WAITMODIFIED,APPLICATION,AUTONODETYPE,INVOKECONTENT,FORMURL,NODEPURIEWROLEID,WFLEVEID_EXPAND,FLOWCOURSE,CANDO,Z_WHO) values ('65070ef29423402ebc42fe274aee6b75','ce03df96b1424d848733fd7ad27b88b0','正科长','3','0','','','1','100985','','1','0','','','1','','','0','','','ghgl06,ghgl07,ghgl14,ghgl37','427.47991943359375','105.52000427246094','','','|KQGL_OVER_TIME_INFO|id|','title','','5faa5b9a4105495990aba336200c3621|1535685394234','','','','0','','','0','','0','','0','','','','','1806261422598080192168901340016|1','','','null|','0');
insert into FLOW_SUBIDEA (ID,NAME,SEQNUMBER,NODEID,ISVISIBLE,COVERMODE,FILLMODE,SPAREFIELD,ISSHOW,ISHQ,UPDATE_TIME,TYPEID,WORKFLOWID) values ('5537ab5d0b364ae694c139d031893a4e','keshi_leader_idea','1','65070ef29423402ebc42fe274aee6b75','1','1','1','','1','','','aec813cfa14a4d12973b363753280540','ce03df96b1424d848733fd7ad27b88b0');
insert into FLOW_WFLEVE (WFLEVEID,WORKFLOWID,WFLEVENAME,WFLEVE_TYPE,WFLEVE_VALUE,SUBFILETYPE,DEPTID,DEPT_LEVEL,ROLEID,DB_SOURCE,IS_START,ISEDIT,IDEAFIELD,SIGNFIELD,ISWRITE,ACCRCOLM,WFLEVECOND,ISMUCHECK,SENDMETHOD,MEMO,BUTTONS,VBNODEX,VBNODEY,TARGETPEOPLE,TARGETDEPT,TABLE_ID,SUBFLAG,FLOW_IDLIST,LINESQUENCE,PREHANDLE,AFTERHANDLE,VARUSER,ISNOTIFY,LIMITED,OVERNOTIFYTYPE,OVERMODIFIED,WAITDOCOMBINE,ISSENDWAITNOTIFY,WAITNOTIFYTYPE,WAITMODIFIED,APPLICATION,AUTONODETYPE,INVOKECONTENT,FORMURL,NODEPURIEWROLEID,WFLEVEID_EXPAND,FLOWCOURSE,CANDO,Z_WHO) values ('b4e565a0e4c34ec2b12184a7c45f0c4e','ce03df96b1424d848733fd7ad27b88b0','处领导','3','0','','','1','100629,100644','','0','0','','','1','','','0','','','ghgl06,ghgl07,ghgl14,ghgl37','429.24005126953125','235.3600616455078','','','|KQGL_OVER_TIME_INFO|id|','title','','a3c0695f52e04be3a37dc128b09c5b51|6a7ee4c25076427da185f5df8b17e13c|6de1fc00de084a758827dcadaa46be1b|1535622750352','','','','0','','','0','','0','','0','','','','','1806261422598080192168901340016|1','','','null|','0');
insert into FLOW_SUBIDEA (ID,NAME,SEQNUMBER,NODEID,ISVISIBLE,COVERMODE,FILLMODE,SPAREFIELD,ISSHOW,ISHQ,UPDATE_TIME,TYPEID,WORKFLOWID) values ('a56edd88a6e04f69a944bbbeac52310d','chushi_leader_idea','1','b4e565a0e4c34ec2b12184a7c45f0c4e','1','1','1','','1','','','4adc9405d80b432e9dd95e6b4b494d93','ce03df96b1424d848733fd7ad27b88b0');
insert into FLOW_WFLEVE (WFLEVEID,WORKFLOWID,WFLEVENAME,WFLEVE_TYPE,WFLEVE_VALUE,SUBFILETYPE,DEPTID,DEPT_LEVEL,ROLEID,DB_SOURCE,IS_START,ISEDIT,IDEAFIELD,SIGNFIELD,ISWRITE,ACCRCOLM,WFLEVECOND,ISMUCHECK,SENDMETHOD,MEMO,BUTTONS,VBNODEX,VBNODEY,TARGETPEOPLE,TARGETDEPT,TABLE_ID,SUBFLAG,FLOW_IDLIST,LINESQUENCE,PREHANDLE,AFTERHANDLE,VARUSER,ISNOTIFY,LIMITED,OVERNOTIFYTYPE,OVERMODIFIED,WAITDOCOMBINE,ISSENDWAITNOTIFY,WAITNOTIFYTYPE,WAITMODIFIED,APPLICATION,AUTONODETYPE,INVOKECONTENT,FORMURL,NODEPURIEWROLEID,WFLEVEID_EXPAND,FLOWCOURSE,CANDO,Z_WHO) values ('d2f7fcf6951e44a690bfc15be724e872','ce03df96b1424d848733fd7ad27b88b0','副处长','1','0','','','1','100644','','1','0','','','1','','','0','','','ghgl14,ghgl37','213.81997680664062','348.5799255371094','','','|KQGL_OVER_TIME_INFO|id|','title','','fdd142713b2f4377ab3470a917900662','','','','0','','','0','','0','','0','','','','','1806261422598080192168901340016|1','','','null|','0');
insert into FLOW_WFLEVE (WFLEVEID,WORKFLOWID,WFLEVENAME,WFLEVE_TYPE,WFLEVE_VALUE,SUBFILETYPE,DEPTID,DEPT_LEVEL,ROLEID,DB_SOURCE,IS_START,ISEDIT,IDEAFIELD,SIGNFIELD,ISWRITE,ACCRCOLM,WFLEVECOND,ISMUCHECK,SENDMETHOD,MEMO,BUTTONS,VBNODEX,VBNODEY,TARGETPEOPLE,TARGETDEPT,TABLE_ID,SUBFLAG,FLOW_IDLIST,LINESQUENCE,PREHANDLE,AFTERHANDLE,VARUSER,ISNOTIFY,LIMITED,OVERNOTIFYTYPE,OVERMODIFIED,WAITDOCOMBINE,ISSENDWAITNOTIFY,WAITNOTIFYTYPE,WAITMODIFIED,APPLICATION,AUTONODETYPE,INVOKECONTENT,FORMURL,NODEPURIEWROLEID,WFLEVEID_EXPAND,FLOWCOURSE,CANDO,Z_WHO) values ('a6b8344edbb14df9a4aa2b381bd15987','ce03df96b1424d848733fd7ad27b88b0','一般涉密人员（科）','1','0','','','1','100631','','1','1','','','1','','','0','','一般涉密人员（科）起草加班申请','ghgl14,ghgl37','211.7100067138672','34.41998291015625','','','|KQGL_OVER_TIME_INFO|id|','title','','0aa6c41cc2384a998de475c788e6899f','','','','0','','','0','','0','','0','','','','','','','','null|','0');
insert into FLOW_WFLEVE (WFLEVEID,WORKFLOWID,WFLEVENAME,WFLEVE_TYPE,WFLEVE_VALUE,SUBFILETYPE,DEPTID,DEPT_LEVEL,ROLEID,DB_SOURCE,IS_START,ISEDIT,IDEAFIELD,SIGNFIELD,ISWRITE,ACCRCOLM,WFLEVECOND,ISMUCHECK,SENDMETHOD,MEMO,BUTTONS,VBNODEX,VBNODEY,TARGETPEOPLE,TARGETDEPT,TABLE_ID,SUBFLAG,FLOW_IDLIST,LINESQUENCE,PREHANDLE,AFTERHANDLE,VARUSER,ISNOTIFY,LIMITED,OVERNOTIFYTYPE,OVERMODIFIED,WAITDOCOMBINE,ISSENDWAITNOTIFY,WAITNOTIFYTYPE,WAITMODIFIED,APPLICATION,AUTONODETYPE,INVOKECONTENT,FORMURL,NODEPURIEWROLEID,WFLEVEID_EXPAND,FLOWCOURSE,CANDO,Z_WHO) values ('c6b948964c234917a0428aea67911931','ce03df96b1424d848733fd7ad27b88b0','科领导','3','0','','','1','100985,100986','','0','0','','','1','','','0','','','ghgl06,ghgl07,ghgl14,ghgl37','425.0499572753906','20.580001831054688','','','|KQGL_OVER_TIME_INFO|id|','title','','50ec56abb1674748b544cefc5a609548','','','','0','','','0','','0','','0','','','','','','','','null|','0');
insert into FLOW_SUBIDEA (ID,NAME,SEQNUMBER,NODEID,ISVISIBLE,COVERMODE,FILLMODE,SPAREFIELD,ISSHOW,ISHQ,UPDATE_TIME,TYPEID,WORKFLOWID) values ('4e13a293c01a4ce28821f2abfb2b7b4d','keshi_leader_idea','1','c6b948964c234917a0428aea67911931','1','1','1','','1','','','aec813cfa14a4d12973b363753280540','ce03df96b1424d848733fd7ad27b88b0');
insert into FLOW_WFLEVE (WFLEVEID,WORKFLOWID,WFLEVENAME,WFLEVE_TYPE,WFLEVE_VALUE,SUBFILETYPE,DEPTID,DEPT_LEVEL,ROLEID,DB_SOURCE,IS_START,ISEDIT,IDEAFIELD,SIGNFIELD,ISWRITE,ACCRCOLM,WFLEVECOND,ISMUCHECK,SENDMETHOD,MEMO,BUTTONS,VBNODEX,VBNODEY,TARGETPEOPLE,TARGETDEPT,TABLE_ID,SUBFLAG,FLOW_IDLIST,LINESQUENCE,PREHANDLE,AFTERHANDLE,VARUSER,ISNOTIFY,LIMITED,OVERNOTIFYTYPE,OVERMODIFIED,WAITDOCOMBINE,ISSENDWAITNOTIFY,WAITNOTIFYTYPE,WAITMODIFIED,APPLICATION,AUTONODETYPE,INVOKECONTENT,FORMURL,NODEPURIEWROLEID,WFLEVEID_EXPAND,FLOWCOURSE,CANDO,Z_WHO) values ('23b87a4663b841da95de4b1f22f6c06f','ce03df96b1424d848733fd7ad27b88b0','正处长','3','0','','','1','100629','','1','1','','','1','','','0','','','ghgl06,ghgl07,ghgl14,ghgl37','428.9001007080078','332.51001167297363','','','|KQGL_OVER_TIME_INFO|id|','title','','ab34262ca6c046d49cb21c7197002b38|1535468811529|1535485866153|1535651014576','','','','0','','','0','','0','','0','','','','','1806261422598080192168901340016|1','','','null|','0');
insert into FLOW_SUBIDEA (ID,NAME,SEQNUMBER,NODEID,ISVISIBLE,COVERMODE,FILLMODE,SPAREFIELD,ISSHOW,ISHQ,UPDATE_TIME,TYPEID,WORKFLOWID) values ('a26ce6d4c5014cbeb5be2dc3cb04ccd2','chushi_leader_idea','1','23b87a4663b841da95de4b1f22f6c06f','1','1','1','','1','','','4adc9405d80b432e9dd95e6b4b494d93','ce03df96b1424d848733fd7ad27b88b0');
insert into FLOW_WFLEVE (WFLEVEID,WORKFLOWID,WFLEVENAME,WFLEVE_TYPE,WFLEVE_VALUE,SUBFILETYPE,DEPTID,DEPT_LEVEL,ROLEID,DB_SOURCE,IS_START,ISEDIT,IDEAFIELD,SIGNFIELD,ISWRITE,ACCRCOLM,WFLEVECOND,ISMUCHECK,SENDMETHOD,MEMO,BUTTONS,VBNODEX,VBNODEY,TARGETPEOPLE,TARGETDEPT,TABLE_ID,SUBFLAG,FLOW_IDLIST,LINESQUENCE,PREHANDLE,AFTERHANDLE,VARUSER,ISNOTIFY,LIMITED,OVERNOTIFYTYPE,OVERMODIFIED,WAITDOCOMBINE,ISSENDWAITNOTIFY,WAITNOTIFYTYPE,WAITMODIFIED,APPLICATION,AUTONODETYPE,INVOKECONTENT,FORMURL,NODEPURIEWROLEID,WFLEVEID_EXPAND,FLOWCOURSE,CANDO,Z_WHO) values ('f0f4bed6b2f9405d9eb83608389d09a0','ce03df96b1424d848733fd7ad27b88b0','部门领导','3','0','','','1','100624,100643','','0','1','','','1','','','0','','','ghgl06,ghgl07,ghgl14,ghgl37','680.9200439453125','333.1100034713745','','','|KQGL_OVER_TIME_INFO|id|','title','','ba3d8e7c2e554d9b86d50649844fcb6f|1535541806396','','','','0','','','0','','0','','0','','','','','1806261422598080192168901340016|1','','','null|','0');
insert into FLOW_SUBIDEA (ID,NAME,SEQNUMBER,NODEID,ISVISIBLE,COVERMODE,FILLMODE,SPAREFIELD,ISSHOW,ISHQ,UPDATE_TIME,TYPEID,WORKFLOWID) values ('94a0212f9cf649da968054950370432d','ejj_leader_idea','1','f0f4bed6b2f9405d9eb83608389d09a0','1','1','1','','1','','','0f2a45ff212c46d4b020405ecf40842e','ce03df96b1424d848733fd7ad27b88b0');
insert into FLOW_WFLEVE (WFLEVEID,WORKFLOWID,WFLEVENAME,WFLEVE_TYPE,WFLEVE_VALUE,SUBFILETYPE,DEPTID,DEPT_LEVEL,ROLEID,DB_SOURCE,IS_START,ISEDIT,IDEAFIELD,SIGNFIELD,ISWRITE,ACCRCOLM,WFLEVECOND,ISMUCHECK,SENDMETHOD,MEMO,BUTTONS,VBNODEX,VBNODEY,TARGETPEOPLE,TARGETDEPT,TABLE_ID,SUBFLAG,FLOW_IDLIST,LINESQUENCE,PREHANDLE,AFTERHANDLE,VARUSER,ISNOTIFY,LIMITED,OVERNOTIFYTYPE,OVERMODIFIED,WAITDOCOMBINE,ISSENDWAITNOTIFY,WAITNOTIFYTYPE,WAITMODIFIED,APPLICATION,AUTONODETYPE,INVOKECONTENT,FORMURL,NODEPURIEWROLEID,WFLEVEID_EXPAND,FLOWCOURSE,CANDO,Z_WHO) values ('0af9ea21f8d44df1b81743d9098ac6d6','ce03df96b1424d848733fd7ad27b88b0','一般涉密人员（处）','1','0','','','1','100630','','1','0','','','1','','','0','','','','213.43999767303467','249.43003845214844','','','','','','19d9ac87bf464cdda48b364d8aa4ba4a','','','','0','','','0','','0','','0','','','','','','','','null|','0');
insert into FLOW_WFOPERATE (WFOPERATEID,WORKFLOWID,WFLEVEID,WFOPERATENAME,NEXTWFLEVEID,CONTROLCOND,BOUND,LEVELBOUND,LEVELNUM,TARGET,ENDSIGN,ISMUCHECK,SENDMETHOD,FLAG,MEMO,VBLINEX1,VBLINEX2,VBLINEY1,VBLINEY2,EXPRESSION,DEPTLEVEL,VBNODESTARTY,VBNODEENDY,LINETYPE,VBNODESTART,VBNODEEND,VBLINESTRAIGHT,VBLINEID,Z_WHO,Z_STATUS,Z_WHEN) values('0aa6c41cc2384a998de475c788e6899f','ce03df96b1424d848733fd7ad27b88b0','a6b8344edbb14df9a4aa2b381bd15987','上报科领导','c6b948964c234917a0428aea67911931','','7','',0,'3','0','4','','','','309.489990234375','367.2699737548828','57.91998291015625','57.91998291015625','','18062521173280841921689040005','57.91998291015625','57.91998291015625','straightLine','251.7100067138672','425.0499572753906','','','','','');
insert into FLOW_WFOPERATE (WFOPERATEID,WORKFLOWID,WFLEVEID,WFOPERATENAME,NEXTWFLEVEID,CONTROLCOND,BOUND,LEVELBOUND,LEVELNUM,TARGET,ENDSIGN,ISMUCHECK,SENDMETHOD,FLAG,MEMO,VBLINEX1,VBLINEX2,VBLINEY1,VBLINEY2,EXPRESSION,DEPTLEVEL,VBNODESTARTY,VBNODEENDY,LINETYPE,VBNODESTART,VBNODEEND,VBLINESTRAIGHT,VBLINEID,Z_WHO,Z_STATUS,Z_WHEN) values('e4bbbcd05d124a2ea14037cf3e3cb893','ce03df96b1424d848733fd7ad27b88b0','cf29132ee10b43dabb6c42c5c1aedd07','上报正科长','65070ef29423402ebc42fe274aee6b75','','7','',0,'2','0','4','','','','310.0932312011719','368.7865753173828','154.68671162923178','154.60335795084634','','18062521173280841921689040005','154.7700653076172','154.52000427246094','straightLine','251.39988708496094','427.47991943359375','','','','','');
insert into FLOW_WFOPERATE (WFOPERATEID,WORKFLOWID,WFLEVEID,WFOPERATENAME,NEXTWFLEVEID,CONTROLCOND,BOUND,LEVELBOUND,LEVELNUM,TARGET,ENDSIGN,ISMUCHECK,SENDMETHOD,FLAG,MEMO,VBLINEX1,VBLINEX2,VBLINEY1,VBLINEY2,EXPRESSION,DEPTLEVEL,VBNODESTARTY,VBNODEENDY,LINETYPE,VBNODESTART,VBNODEEND,VBLINESTRAIGHT,VBLINEID,Z_WHO,Z_STATUS,Z_WHEN) values('fdd142713b2f4377ab3470a917900662','ce03df96b1424d848733fd7ad27b88b0','d2f7fcf6951e44a690bfc15be724e872','上报正处长','23b87a4663b841da95de4b1f22f6c06f','','7','',0,'3','0','4','','','','312.1800181070964','370.54005940755206','372.0799255371094','372.0799255371094','','','372.0799255371094','372.0799255371094','straightLine','253.81997680664062','428.9001007080078','','','','','');
insert into FLOW_WFOPERATE (WFOPERATEID,WORKFLOWID,WFLEVEID,WFOPERATENAME,NEXTWFLEVEID,CONTROLCOND,BOUND,LEVELBOUND,LEVELNUM,TARGET,ENDSIGN,ISMUCHECK,SENDMETHOD,FLAG,MEMO,VBLINEX1,VBLINEX2,VBLINEY1,VBLINEY2,EXPRESSION,DEPTLEVEL,VBNODESTARTY,VBNODEENDY,LINETYPE,VBNODESTART,VBNODEEND,VBLINESTRAIGHT,VBLINEID,Z_WHO,Z_STATUS,Z_WHEN) values('5faa5b9a4105495990aba336200c3621','ce03df96b1424d848733fd7ad27b88b0','65070ef29423402ebc42fe274aee6b75','返回发送人','cf29132ee10b43dabb6c42c5c1aedd07','NEEDREMOVE,DOMAN','8','',0,'','0','4','','','','368.7865753173828','310.0932312011719','147.60335795084634','147.68671162923178','','','147.52000427246094','147.7700653076172','straightLine','427.47991943359375','251.39988708496094','','','','','');
insert into FLOW_WFOPERATE (WFOPERATEID,WORKFLOWID,WFLEVEID,WFOPERATENAME,NEXTWFLEVEID,CONTROLCOND,BOUND,LEVELBOUND,LEVELNUM,TARGET,ENDSIGN,ISMUCHECK,SENDMETHOD,FLAG,MEMO,VBLINEX1,VBLINEX2,VBLINEY1,VBLINEY2,EXPRESSION,DEPTLEVEL,VBNODESTARTY,VBNODEENDY,LINETYPE,VBNODESTART,VBNODEEND,VBLINESTRAIGHT,VBLINEID,Z_WHO,Z_STATUS,Z_WHEN) values('ab34262ca6c046d49cb21c7197002b38','ce03df96b1424d848733fd7ad27b88b0','23b87a4663b841da95de4b1f22f6c06f','返回发送人','d2f7fcf6951e44a690bfc15be724e872','NEEDREMOVE,DOMAN','8','',0,'','0','4','','','','370.54005940755206','312.1800181070964','365.0799255371094','365.0799255371094','','','365.0799255371094','365.0799255371094','straightLine','428.9001007080078','253.81997680664062','','','','','');
insert into FLOW_WFOPERATE (WFOPERATEID,WORKFLOWID,WFLEVEID,WFOPERATENAME,NEXTWFLEVEID,CONTROLCOND,BOUND,LEVELBOUND,LEVELNUM,TARGET,ENDSIGN,ISMUCHECK,SENDMETHOD,FLAG,MEMO,VBLINEX1,VBLINEX2,VBLINEY1,VBLINEY2,EXPRESSION,DEPTLEVEL,VBNODESTARTY,VBNODEENDY,LINETYPE,VBNODESTART,VBNODEEND,VBLINESTRAIGHT,VBLINEID,Z_WHO,Z_STATUS,Z_WHEN) values('19d9ac87bf464cdda48b364d8aa4ba4a','ce03df96b1424d848733fd7ad27b88b0','0af9ea21f8d44df1b81743d9098ac6d6','上报处领导','b4e565a0e4c34ec2b12184a7c45f0c4e','','7','',0,'3','0','4','','','','312.0400155385335','370.6400334040324','272.93003845214843','272.93003845214843','','','272.93003845214843','272.93003845214844','straightLine','253.43999767303467','429.24005126953125','','','','','');
insert into FLOW_WFOPERATE (WFOPERATEID,WORKFLOWID,WFLEVEID,WFOPERATENAME,NEXTWFLEVEID,CONTROLCOND,BOUND,LEVELBOUND,LEVELNUM,TARGET,ENDSIGN,ISMUCHECK,SENDMETHOD,FLAG,MEMO,VBLINEX1,VBLINEX2,VBLINEY1,VBLINEY2,EXPRESSION,DEPTLEVEL,VBNODESTARTY,VBNODEENDY,LINETYPE,VBNODESTART,VBNODEEND,VBLINESTRAIGHT,VBLINEID,Z_WHO,Z_STATUS,Z_WHEN) values('6a7ee4c25076427da185f5df8b17e13c','ce03df96b1424d848733fd7ad27b88b0','b4e565a0e4c34ec2b12184a7c45f0c4e','返回发送人','0af9ea21f8d44df1b81743d9098ac6d6','NEEDREMOVE','8','',0,'','0','4','','','','370.6400334040324','312.0400155385335','265.93003845214843','265.93003845214843','','','265.93003845214843','265.93003845214844','straightLine','429.24005126953125','253.43999767303467','','','','','');
insert into FLOW_WFOPERATE (WFOPERATEID,WORKFLOWID,WFLEVEID,WFOPERATENAME,NEXTWFLEVEID,CONTROLCOND,BOUND,LEVELBOUND,LEVELNUM,TARGET,ENDSIGN,ISMUCHECK,SENDMETHOD,FLAG,MEMO,VBLINEX1,VBLINEX2,VBLINEY1,VBLINEY2,EXPRESSION,DEPTLEVEL,VBNODESTARTY,VBNODEENDY,LINETYPE,VBNODESTART,VBNODEEND,VBLINESTRAIGHT,VBLINEID,Z_WHO,Z_STATUS,Z_WHEN) values('50ec56abb1674748b544cefc5a609548','ce03df96b1424d848733fd7ad27b88b0','c6b948964c234917a0428aea67911931','返回发送人','a6b8344edbb14df9a4aa2b381bd15987','','8','',0,'','0','4','','','','367.2699737548828','309.489990234375','50.91998291015625','50.91998291015625','','','50.91998291015625','50.91998291015625','straightLine','425.0499572753906','251.7100067138672','','','','','');
insert into FLOW_WFOPERATE (WFOPERATEID,WORKFLOWID,WFLEVEID,WFOPERATENAME,NEXTWFLEVEID,CONTROLCOND,BOUND,LEVELBOUND,LEVELNUM,TARGET,ENDSIGN,ISMUCHECK,SENDMETHOD,FLAG,MEMO,VBLINEX1,VBLINEX2,VBLINEY1,VBLINEY2,EXPRESSION,DEPTLEVEL,VBNODESTARTY,VBNODEENDY,LINETYPE,VBNODESTART,VBNODEEND,VBLINESTRAIGHT,VBLINEID,Z_WHO,Z_STATUS,Z_WHEN) values('a3c0695f52e04be3a37dc128b09c5b51','ce03df96b1424d848733fd7ad27b88b0','b4e565a0e4c34ec2b12184a7c45f0c4e','返回发送人','cf29132ee10b43dabb6c42c5c1aedd07','ISFIRSTWFLEVE,NEEDREMOVE,DOMAN','8','',1,'','0','4','','','','369.9599965413411','310.67994181315106','234.16339619954428','204.96673075358072','','','263.3600616455078','175.7700653076172','straightLine','429.24005126953125','251.39988708496094','','','','','');
insert into FLOW_WFOPERATE (WFOPERATEID,WORKFLOWID,WFLEVEID,WFOPERATENAME,NEXTWFLEVEID,CONTROLCOND,BOUND,LEVELBOUND,LEVELNUM,TARGET,ENDSIGN,ISMUCHECK,SENDMETHOD,FLAG,MEMO,VBLINEX1,VBLINEX2,VBLINEY1,VBLINEY2,EXPRESSION,DEPTLEVEL,VBNODESTARTY,VBNODEENDY,LINETYPE,VBNODESTART,VBNODEEND,VBLINESTRAIGHT,VBLINEID,Z_WHO,Z_STATUS,Z_WHEN) values('ca08785aeb1b4bc2bc9dacddef21e1bb','ce03df96b1424d848733fd7ad27b88b0','cf29132ee10b43dabb6c42c5c1aedd07','上报处领导','b4e565a0e4c34ec2b12184a7c45f0c4e','','1','1',1,'3','0','4','','','','310.67994181315106','369.9599965413411','197.96673075358072','227.16339619954428','','','168.7700653076172','256.3600616455078','straightLine','251.39988708496094','429.24005126953125','','','','','');
insert into FLOW_WFOPERATE (WFOPERATEID,WORKFLOWID,WFLEVEID,WFOPERATENAME,NEXTWFLEVEID,CONTROLCOND,BOUND,LEVELBOUND,LEVELNUM,TARGET,ENDSIGN,ISMUCHECK,SENDMETHOD,FLAG,MEMO,VBLINEX1,VBLINEX2,VBLINEY1,VBLINEY2,EXPRESSION,DEPTLEVEL,VBNODESTARTY,VBNODEENDY,LINETYPE,VBNODESTART,VBNODEEND,VBLINESTRAIGHT,VBLINEID,Z_WHO,Z_STATUS,Z_WHEN) values('1535685394234','ce03df96b1424d848733fd7ad27b88b0','65070ef29423402ebc42fe274aee6b75','上报处领导','b4e565a0e4c34ec2b12184a7c45f0c4e','','1','1',1,'3','0','7','','','','483.47991943359375','483.47991943359375','195.46669006347656','215.4133758544922','','','175.52000427246094','235.3600616455078','straightLine','483.47991943359375','483.47991943359375','','','','','');
insert into FLOW_WFOPERATE (WFOPERATEID,WORKFLOWID,WFLEVEID,WFOPERATENAME,NEXTWFLEVEID,CONTROLCOND,BOUND,LEVELBOUND,LEVELNUM,TARGET,ENDSIGN,ISMUCHECK,SENDMETHOD,FLAG,MEMO,VBLINEX1,VBLINEX2,VBLINEY1,VBLINEY2,EXPRESSION,DEPTLEVEL,VBNODESTARTY,VBNODEENDY,LINETYPE,VBNODESTART,VBNODEEND,VBLINESTRAIGHT,VBLINEID,Z_WHO,Z_STATUS,Z_WHEN) values('1535622750352','ce03df96b1424d848733fd7ad27b88b0','b4e565a0e4c34ec2b12184a7c45f0c4e','返回发送人','65070ef29423402ebc42fe274aee6b75','ISFIRSTWFLEVE,NEEDREMOVE,DOMAN','3','1',1,'3','0','7','','','','476.47991943359375','476.47991943359375','215.4133758544922','195.46669006347656','','','235.3600616455078','175.52000427246094','straightLine','476.47991943359375','476.47991943359375','','','','','');
insert into FLOW_WFOPERATE (WFOPERATEID,WORKFLOWID,WFLEVEID,WFOPERATENAME,NEXTWFLEVEID,CONTROLCOND,BOUND,LEVELBOUND,LEVELNUM,TARGET,ENDSIGN,ISMUCHECK,SENDMETHOD,FLAG,MEMO,VBLINEX1,VBLINEX2,VBLINEY1,VBLINEY2,EXPRESSION,DEPTLEVEL,VBNODESTARTY,VBNODEENDY,LINETYPE,VBNODESTART,VBNODEEND,VBLINESTRAIGHT,VBLINEID,Z_WHO,Z_STATUS,Z_WHEN) values('1535468811529','ce03df96b1424d848733fd7ad27b88b0','23b87a4663b841da95de4b1f22f6c06f','上报部门领导','f0f4bed6b2f9405d9eb83608389d09a0','','1','1',1,'3','0','4','','','','582.906748453776','631.9133961995443','371.6100034713745','371.6100034713745','','','371.6100034713745','371.6100034713745','straightLine','533.9001007080078','680.9200439453125','','','','','');
insert into FLOW_WFOPERATE (WFOPERATEID,WORKFLOWID,WFLEVEID,WFOPERATENAME,NEXTWFLEVEID,CONTROLCOND,BOUND,LEVELBOUND,LEVELNUM,TARGET,ENDSIGN,ISMUCHECK,SENDMETHOD,FLAG,MEMO,VBLINEX1,VBLINEX2,VBLINEY1,VBLINEY2,EXPRESSION,DEPTLEVEL,VBNODESTARTY,VBNODEENDY,LINETYPE,VBNODESTART,VBNODEEND,VBLINESTRAIGHT,VBLINEID,Z_WHO,Z_STATUS,Z_WHEN) values('1535541806396','ce03df96b1424d848733fd7ad27b88b0','f0f4bed6b2f9405d9eb83608389d09a0','返回发送人','23b87a4663b841da95de4b1f22f6c06f','DOMAN','3','1',1,'3','0','4','','','','631.9133961995443','582.906748453776','364.6100034713745','364.6100034713745','','','364.6100034713745','364.6100034713745','straightLine','680.9200439453125','533.9001007080078','','','','','');
insert into FLOW_SUBIDEA_RELATION (ID,IDEA_TYPE_ID,NOTE,STATE,TYPE_ID,TYPE_ORDER,NAME,UPDATE_TIME) values ('244fee59df7c4c4b92f902654288335f','aec813cfa14a4d12973b363753280540','科室领导意见','1','ce03df96b1424d848733fd7ad27b88b0','14','keshi_leader_idea','2018-09-18 14:59:33');
insert into FLOW_SUBIDEA_RELATION (ID,IDEA_TYPE_ID,NOTE,STATE,TYPE_ID,TYPE_ORDER,NAME,UPDATE_TIME) values ('87e192225836497e8630a48297d69d32','0f2a45ff212c46d4b020405ecf40842e','部门领导意见','1','ce03df96b1424d848733fd7ad27b88b0','09','ejj_leader_idea','2018-09-18 14:59:33');
insert into FLOW_SUBIDEA_RELATION (ID,IDEA_TYPE_ID,NOTE,STATE,TYPE_ID,TYPE_ORDER,NAME,UPDATE_TIME) values ('3ceac78b7f8d400f8f158a4b5ab66e7b','4adc9405d80b432e9dd95e6b4b494d93','处室领导意见','1','ce03df96b1424d848733fd7ad27b88b0','05','chushi_leader_idea','2018-09-18 14:59:33');
insert into FLOW_BUTTON_RELATION (ID,BUTTON_ID,NOTE,STATE,UPDATE_TIME,TYPE_ID) values ('545d73b399da4fa7a532da687352ecae','ghgl14','','1','','ce03df96b1424d848733fd7ad27b88b0');
insert into FLOW_BUTTON_RELATION (ID,BUTTON_ID,NOTE,STATE,UPDATE_TIME,TYPE_ID) values ('2378c3e459dd4b2ab72b0d888098dfaf','ghgl06','','1','','ce03df96b1424d848733fd7ad27b88b0');
insert into FLOW_BUTTON_RELATION (ID,BUTTON_ID,NOTE,STATE,UPDATE_TIME,TYPE_ID) values ('6d66211750284f239fad9deffa3324f6','ghgl07','','1','','ce03df96b1424d848733fd7ad27b88b0');
insert into FLOW_BUTTON_RELATION (ID,BUTTON_ID,NOTE,STATE,UPDATE_TIME,TYPE_ID) values ('f6a723561d484887966ab25be789eaac','ghgl37','','1','','ce03df96b1424d848733fd7ad27b88b0');
