insert into FLOW_WORKFLOW (WORKFLOWID,WORKFLOWNAME,CREATETIME,FLOW_ADMIN,DEPT_ID,FLOWTYPE_ID,Z_WHO,Z_STATUS,Z_WHEN,WORKFLOW_EXPAND,ISNOTIFY,LIMITED,NOTIFYTYPE,ISMODIFIED,WAITDOCOMBINE,DESCRIPTION,OWNERS,VEISION,STARTUPTIME,SORTID,WAITDOURL,HANDDONEURL,FORM,DATAFROM,SYS_ID,ORGID,UPDATE_TIME,SUBFILETYPE) values('f6adebe1cf1e45ec9a35314748622e38','请假申请','2018-08-25 09:10:57','1','','f6adebe1cf1e45ec9a35314748622e38','','1','','f6adebe1cf1e45ec9a35314748622e38','0','','','','','','','1','2018-08-25','e1f222bb6de246f1a30f661796560974','/modules/zhbg/kqgl/qj/qjEditForm.html','/modules/zhbg/kqgl/qj/qjReadOnlyForm.html','','','97206','18043','2018-08-25 09:10:57','');
insert into FLOW_FILETYPE (FILETYPEID,FILETYPENAME,Z_STATUS,FILEADMIN,FLOWSORT,Z_WHO,SENDCLASS,FLOWOP,DEPTID,FLOWURL,FLOWURL2,FLOWORDER,LISTNAME,PAGENAME,FLOWSORT2,ADMIN_USER,SYS_ID,ORGID,UPDATE_TIME) values ('f6adebe1cf1e45ec9a35314748622e38','请假申请','1','','e1f222bb6de246f1a30f661796560974','','','','','','','','','考勤管理','','','97206','18043','2018-09-13 09:24:47');
delete from flow_flowtype where WORKFLOWID ='f6adebe1cf1e45ec9a35314748622e38';
delete from FLOW_FLOWTYPE where FILETYPEID='f6adebe1cf1e45ec9a35314748622e38';
insert into FLOW_FLOWTYPE (FILETYPEID,WORKFLOWID,UPDATE_TIME) values ('f6adebe1cf1e45ec9a35314748622e38','f6adebe1cf1e45ec9a35314748622e38','');
insert into FLOW_WFLEVE (WFLEVEID,WORKFLOWID,WFLEVENAME,WFLEVE_TYPE,WFLEVE_VALUE,SUBFILETYPE,DEPTID,DEPT_LEVEL,ROLEID,DB_SOURCE,IS_START,ISEDIT,IDEAFIELD,SIGNFIELD,ISWRITE,ACCRCOLM,WFLEVECOND,ISMUCHECK,SENDMETHOD,MEMO,BUTTONS,VBNODEX,VBNODEY,TARGETPEOPLE,TARGETDEPT,TABLE_ID,SUBFLAG,FLOW_IDLIST,LINESQUENCE,PREHANDLE,AFTERHANDLE,VARUSER,ISNOTIFY,LIMITED,OVERNOTIFYTYPE,OVERMODIFIED,WAITDOCOMBINE,ISSENDWAITNOTIFY,WAITNOTIFYTYPE,WAITMODIFIED,APPLICATION,AUTONODETYPE,INVOKECONTENT,FORMURL,NODEPURIEWROLEID,WFLEVEID_EXPAND,FLOWCOURSE,CANDO,Z_WHO) values ('1535218802063','f6adebe1cf1e45ec9a35314748622e38','一般涉密人员（科）','1','0','','','1','100631','','1','0','','','1','','','0','','','','169.0','191.0','','','|KQGL_LEAVE_INFO|id|','leaveTitle','','1535197680708','','','','0','','','0','','0','','0','','','','','','','','null|','0');
insert into FLOW_WFLEVE (WFLEVEID,WORKFLOWID,WFLEVENAME,WFLEVE_TYPE,WFLEVE_VALUE,SUBFILETYPE,DEPTID,DEPT_LEVEL,ROLEID,DB_SOURCE,IS_START,ISEDIT,IDEAFIELD,SIGNFIELD,ISWRITE,ACCRCOLM,WFLEVECOND,ISMUCHECK,SENDMETHOD,MEMO,BUTTONS,VBNODEX,VBNODEY,TARGETPEOPLE,TARGETDEPT,TABLE_ID,SUBFLAG,FLOW_IDLIST,LINESQUENCE,PREHANDLE,AFTERHANDLE,VARUSER,ISNOTIFY,LIMITED,OVERNOTIFYTYPE,OVERMODIFIED,WAITDOCOMBINE,ISSENDWAITNOTIFY,WAITNOTIFYTYPE,WAITMODIFIED,APPLICATION,AUTONODETYPE,INVOKECONTENT,FORMURL,NODEPURIEWROLEID,WFLEVEID_EXPAND,FLOWCOURSE,CANDO,Z_WHO) values ('1535238080878','f6adebe1cf1e45ec9a35314748622e38','科领导','3','0','','','1','100985,100986','','0','0','','','1','','','0','','','ghgl06,ghgl07,ghgl14,ghgl37','316.0','176.0','','','','','','1535227393888|1535185458005|1535260344403','','','','0','','','0','','0','','0','','','','','','','','null|','0');
insert into FLOW_SUBIDEA (ID,NAME,SEQNUMBER,NODEID,ISVISIBLE,COVERMODE,FILLMODE,SPAREFIELD,ISSHOW,ISHQ,UPDATE_TIME,TYPEID,WORKFLOWID) values ('97f15c9ae4e6438a8f1ca8527570946d','keshi_leader_idea','0','1535238080878','1','1','1','','1','','','aec813cfa14a4d12973b363753280540','f6adebe1cf1e45ec9a35314748622e38');
insert into FLOW_WFLEVE (WFLEVEID,WORKFLOWID,WFLEVENAME,WFLEVE_TYPE,WFLEVE_VALUE,SUBFILETYPE,DEPTID,DEPT_LEVEL,ROLEID,DB_SOURCE,IS_START,ISEDIT,IDEAFIELD,SIGNFIELD,ISWRITE,ACCRCOLM,WFLEVECOND,ISMUCHECK,SENDMETHOD,MEMO,BUTTONS,VBNODEX,VBNODEY,TARGETPEOPLE,TARGETDEPT,TABLE_ID,SUBFLAG,FLOW_IDLIST,LINESQUENCE,PREHANDLE,AFTERHANDLE,VARUSER,ISNOTIFY,LIMITED,OVERNOTIFYTYPE,OVERMODIFIED,WAITDOCOMBINE,ISSENDWAITNOTIFY,WAITNOTIFYTYPE,WAITMODIFIED,APPLICATION,AUTONODETYPE,INVOKECONTENT,FORMURL,NODEPURIEWROLEID,WFLEVEID_EXPAND,FLOWCOURSE,CANDO,Z_WHO) values ('1535245987108','f6adebe1cf1e45ec9a35314748622e38','处领导','3','0','','','1','100629,100644','','0','0','','','1','','','0','','','ghgl06,ghgl07,ghgl14,ghgl37','510.0','175.0','','','','','','1535179265218|1535227947079|1535256667717|1535200317549|1535250481519','','','','0','','','0','','0','','0','','','','','','','','null|','0');
insert into FLOW_SUBIDEA (ID,NAME,SEQNUMBER,NODEID,ISVISIBLE,COVERMODE,FILLMODE,SPAREFIELD,ISSHOW,ISHQ,UPDATE_TIME,TYPEID,WORKFLOWID) values ('5176f7875c664e12995d6cdfef32e999','chushi_leader_idea','0','1535245987108','1','1','1','','1','','','4adc9405d80b432e9dd95e6b4b494d93','f6adebe1cf1e45ec9a35314748622e38');
insert into FLOW_WFLEVE (WFLEVEID,WORKFLOWID,WFLEVENAME,WFLEVE_TYPE,WFLEVE_VALUE,SUBFILETYPE,DEPTID,DEPT_LEVEL,ROLEID,DB_SOURCE,IS_START,ISEDIT,IDEAFIELD,SIGNFIELD,ISWRITE,ACCRCOLM,WFLEVECOND,ISMUCHECK,SENDMETHOD,MEMO,BUTTONS,VBNODEX,VBNODEY,TARGETPEOPLE,TARGETDEPT,TABLE_ID,SUBFLAG,FLOW_IDLIST,LINESQUENCE,PREHANDLE,AFTERHANDLE,VARUSER,ISNOTIFY,LIMITED,OVERNOTIFYTYPE,OVERMODIFIED,WAITDOCOMBINE,ISSENDWAITNOTIFY,WAITNOTIFYTYPE,WAITMODIFIED,APPLICATION,AUTONODETYPE,INVOKECONTENT,FORMURL,NODEPURIEWROLEID,WFLEVEID_EXPAND,FLOWCOURSE,CANDO,Z_WHO) values ('1535222898391','f6adebe1cf1e45ec9a35314748622e38','部门局领导','3','0','','','1','100624,100643','','0','0','','','1','','','0','','','ghgl06,ghgl07,ghgl14,ghgl37','685.0','175.0','','','','','','1535216465358|1535191235788','','','','0','','','0','','0','','0','','','','','','','','null|','0');
insert into FLOW_SUBIDEA (ID,NAME,SEQNUMBER,NODEID,ISVISIBLE,COVERMODE,FILLMODE,SPAREFIELD,ISSHOW,ISHQ,UPDATE_TIME,TYPEID,WORKFLOWID) values ('be9714263f08498087df58673954bdfb','ejj_leader_idea','0','1535222898391','1','1','1','','1','','','0f2a45ff212c46d4b020405ecf40842e','f6adebe1cf1e45ec9a35314748622e38');
insert into FLOW_WFLEVE (WFLEVEID,WORKFLOWID,WFLEVENAME,WFLEVE_TYPE,WFLEVE_VALUE,SUBFILETYPE,DEPTID,DEPT_LEVEL,ROLEID,DB_SOURCE,IS_START,ISEDIT,IDEAFIELD,SIGNFIELD,ISWRITE,ACCRCOLM,WFLEVECOND,ISMUCHECK,SENDMETHOD,MEMO,BUTTONS,VBNODEX,VBNODEY,TARGETPEOPLE,TARGETDEPT,TABLE_ID,SUBFLAG,FLOW_IDLIST,LINESQUENCE,PREHANDLE,AFTERHANDLE,VARUSER,ISNOTIFY,LIMITED,OVERNOTIFYTYPE,OVERMODIFIED,WAITDOCOMBINE,ISSENDWAITNOTIFY,WAITNOTIFYTYPE,WAITMODIFIED,APPLICATION,AUTONODETYPE,INVOKECONTENT,FORMURL,NODEPURIEWROLEID,WFLEVEID_EXPAND,FLOWCOURSE,CANDO,Z_WHO) values ('1535165817563','f6adebe1cf1e45ec9a35314748622e38','副科长','1','0','','','1','100986','','1','0','','','1','','','0','','','','349.0','40.0','','','','','','1535238928729|1535196286052','','','','0','','','0','','0','','0','','','','','','','','null|','0');
insert into FLOW_WFLEVE (WFLEVEID,WORKFLOWID,WFLEVENAME,WFLEVE_TYPE,WFLEVE_VALUE,SUBFILETYPE,DEPTID,DEPT_LEVEL,ROLEID,DB_SOURCE,IS_START,ISEDIT,IDEAFIELD,SIGNFIELD,ISWRITE,ACCRCOLM,WFLEVECOND,ISMUCHECK,SENDMETHOD,MEMO,BUTTONS,VBNODEX,VBNODEY,TARGETPEOPLE,TARGETDEPT,TABLE_ID,SUBFLAG,FLOW_IDLIST,LINESQUENCE,PREHANDLE,AFTERHANDLE,VARUSER,ISNOTIFY,LIMITED,OVERNOTIFYTYPE,OVERMODIFIED,WAITDOCOMBINE,ISSENDWAITNOTIFY,WAITNOTIFYTYPE,WAITMODIFIED,APPLICATION,AUTONODETYPE,INVOKECONTENT,FORMURL,NODEPURIEWROLEID,WFLEVEID_EXPAND,FLOWCOURSE,CANDO,Z_WHO) values ('1535179690009','f6adebe1cf1e45ec9a35314748622e38','正科长','3','0','','','1','100985','','1','0','','','1','','','0','','','ghgl06,ghgl07,ghgl14,ghgl37','508.0','23.0','','','','','','1535222417764|1535243158841','','','','0','','','0','','0','','0','','','','','','','','null|','0');
insert into FLOW_SUBIDEA (ID,NAME,SEQNUMBER,NODEID,ISVISIBLE,COVERMODE,FILLMODE,SPAREFIELD,ISSHOW,ISHQ,UPDATE_TIME,TYPEID,WORKFLOWID) values ('bc207ecbc0e24bb183dad50d776dd65c','keshi_leader_idea','1','1535179690009','1','1','1','','1','','','aec813cfa14a4d12973b363753280540','f6adebe1cf1e45ec9a35314748622e38');
insert into FLOW_WFLEVE (WFLEVEID,WORKFLOWID,WFLEVENAME,WFLEVE_TYPE,WFLEVE_VALUE,SUBFILETYPE,DEPTID,DEPT_LEVEL,ROLEID,DB_SOURCE,IS_START,ISEDIT,IDEAFIELD,SIGNFIELD,ISWRITE,ACCRCOLM,WFLEVECOND,ISMUCHECK,SENDMETHOD,MEMO,BUTTONS,VBNODEX,VBNODEY,TARGETPEOPLE,TARGETDEPT,TABLE_ID,SUBFLAG,FLOW_IDLIST,LINESQUENCE,PREHANDLE,AFTERHANDLE,VARUSER,ISNOTIFY,LIMITED,OVERNOTIFYTYPE,OVERMODIFIED,WAITDOCOMBINE,ISSENDWAITNOTIFY,WAITNOTIFYTYPE,WAITMODIFIED,APPLICATION,AUTONODETYPE,INVOKECONTENT,FORMURL,NODEPURIEWROLEID,WFLEVEID_EXPAND,FLOWCOURSE,CANDO,Z_WHO) values ('1535253925834','f6adebe1cf1e45ec9a35314748622e38','一般涉密人员（处）','1','0','','','1','100630','','1','0','','','1','','','0','','','','549.0','315.0','','','','','','1535208379173','','','','0','','','0','','0','','0','','','','','','','','null|','0');
insert into FLOW_WFLEVE (WFLEVEID,WORKFLOWID,WFLEVENAME,WFLEVE_TYPE,WFLEVE_VALUE,SUBFILETYPE,DEPTID,DEPT_LEVEL,ROLEID,DB_SOURCE,IS_START,ISEDIT,IDEAFIELD,SIGNFIELD,ISWRITE,ACCRCOLM,WFLEVECOND,ISMUCHECK,SENDMETHOD,MEMO,BUTTONS,VBNODEX,VBNODEY,TARGETPEOPLE,TARGETDEPT,TABLE_ID,SUBFLAG,FLOW_IDLIST,LINESQUENCE,PREHANDLE,AFTERHANDLE,VARUSER,ISNOTIFY,LIMITED,OVERNOTIFYTYPE,OVERMODIFIED,WAITDOCOMBINE,ISSENDWAITNOTIFY,WAITNOTIFYTYPE,WAITMODIFIED,APPLICATION,AUTONODETYPE,INVOKECONTENT,FORMURL,NODEPURIEWROLEID,WFLEVEID_EXPAND,FLOWCOURSE,CANDO,Z_WHO) values ('1535160942542','f6adebe1cf1e45ec9a35314748622e38','副处长','1','0','','','1','100644','','1','0','','','1','','','0','','','','720.0','429.0','','','','','','1535194954883','','','','0','','','0','','0','','0','','','','','','','','null|','0');
insert into FLOW_WFLEVE (WFLEVEID,WORKFLOWID,WFLEVENAME,WFLEVE_TYPE,WFLEVE_VALUE,SUBFILETYPE,DEPTID,DEPT_LEVEL,ROLEID,DB_SOURCE,IS_START,ISEDIT,IDEAFIELD,SIGNFIELD,ISWRITE,ACCRCOLM,WFLEVECOND,ISMUCHECK,SENDMETHOD,MEMO,BUTTONS,VBNODEX,VBNODEY,TARGETPEOPLE,TARGETDEPT,TABLE_ID,SUBFLAG,FLOW_IDLIST,LINESQUENCE,PREHANDLE,AFTERHANDLE,VARUSER,ISNOTIFY,LIMITED,OVERNOTIFYTYPE,OVERMODIFIED,WAITDOCOMBINE,ISSENDWAITNOTIFY,WAITNOTIFYTYPE,WAITMODIFIED,APPLICATION,AUTONODETYPE,INVOKECONTENT,FORMURL,NODEPURIEWROLEID,WFLEVEID_EXPAND,FLOWCOURSE,CANDO,Z_WHO) values ('1535205664387','f6adebe1cf1e45ec9a35314748622e38','正处长','3','0','','','1','100629','','1','0','','','1','','','0','','','ghgl06,ghgl07,ghgl14,ghgl37','682.0','302.0','','','','','','1535189008892|1535177594771','','','','0','','','0','','0','','0','','','','','','','','null|','0');
insert into FLOW_SUBIDEA (ID,NAME,SEQNUMBER,NODEID,ISVISIBLE,COVERMODE,FILLMODE,SPAREFIELD,ISSHOW,ISHQ,UPDATE_TIME,TYPEID,WORKFLOWID) values ('5da8e4fe3aa04cf59b3e55623d5dc9bd','chushi_leader_idea','0','1535205664387','1','1','1','','1','','','4adc9405d80b432e9dd95e6b4b494d93','f6adebe1cf1e45ec9a35314748622e38');
insert into FLOW_WFOPERATE (WFOPERATEID,WORKFLOWID,WFLEVEID,WFOPERATENAME,NEXTWFLEVEID,CONTROLCOND,BOUND,LEVELBOUND,LEVELNUM,TARGET,ENDSIGN,ISMUCHECK,SENDMETHOD,FLAG,MEMO,VBLINEX1,VBLINEX2,VBLINEY1,VBLINEY2,EXPRESSION,DEPTLEVEL,VBNODESTARTY,VBNODEENDY,LINETYPE,VBNODESTART,VBNODEEND,VBLINESTRAIGHT,VBLINEID,Z_WHO,Z_STATUS,Z_WHEN) values('1535197680708','f6adebe1cf1e45ec9a35314748622e38','1535218802063','上报科领导','1535238080878','','7','',0,'3','0','4','','','','244.66666666666666','280.3333333333333','214.5','214.5','','1806251720578080192168901340002','214.5','214.5','straightLine','209','316','','','','','');
insert into FLOW_WFOPERATE (WFOPERATEID,WORKFLOWID,WFLEVEID,WFOPERATENAME,NEXTWFLEVEID,CONTROLCOND,BOUND,LEVELBOUND,LEVELNUM,TARGET,ENDSIGN,ISMUCHECK,SENDMETHOD,FLAG,MEMO,VBLINEX1,VBLINEX2,VBLINEY1,VBLINEY2,EXPRESSION,DEPTLEVEL,VBNODESTARTY,VBNODEENDY,LINETYPE,VBNODESTART,VBNODEEND,VBLINESTRAIGHT,VBLINEID,Z_WHO,Z_STATUS,Z_WHEN) values('1535227393888','f6adebe1cf1e45ec9a35314748622e38','1535238080878','上报处领导','1535245987108','','1','1',1,'3','0','4','','','','450.6666666666667','480.3333333333333','214.5','214.5','leaveLongTime>1','','214.5','214.5','straightLine','421','510','','','','','');
insert into FLOW_WFOPERATE (WFOPERATEID,WORKFLOWID,WFLEVEID,WFOPERATENAME,NEXTWFLEVEID,CONTROLCOND,BOUND,LEVELBOUND,LEVELNUM,TARGET,ENDSIGN,ISMUCHECK,SENDMETHOD,FLAG,MEMO,VBLINEX1,VBLINEX2,VBLINEY1,VBLINEY2,EXPRESSION,DEPTLEVEL,VBNODESTARTY,VBNODEENDY,LINETYPE,VBNODESTART,VBNODEEND,VBLINESTRAIGHT,VBLINEID,Z_WHO,Z_STATUS,Z_WHEN) values('1535227947079','f6adebe1cf1e45ec9a35314748622e38','1535245987108','返回发送人','1535238080878','NEEDREMOVE,DOMAN','3','1',1,'3','0','4','','','','480.3333333333333','450.6666666666667','207.5','207.5','','','207.5','207.5','straightLine','510','421','','','','','');
insert into FLOW_WFOPERATE (WFOPERATEID,WORKFLOWID,WFLEVEID,WFOPERATENAME,NEXTWFLEVEID,CONTROLCOND,BOUND,LEVELBOUND,LEVELNUM,TARGET,ENDSIGN,ISMUCHECK,SENDMETHOD,FLAG,MEMO,VBLINEX1,VBLINEX2,VBLINEY1,VBLINEY2,EXPRESSION,DEPTLEVEL,VBNODESTARTY,VBNODEENDY,LINETYPE,VBNODESTART,VBNODEEND,VBLINESTRAIGHT,VBLINEID,Z_WHO,Z_STATUS,Z_WHEN) values('1535179265218','f6adebe1cf1e45ec9a35314748622e38','1535245987108','上报部门领导','1535222898391','','1','1',1,'3','0','4','','','','638.3333333333334','661.6666666666666','213.5','213.5','leaveLongTime>3','','213.5','213.5','straightLine','615','685','','','','','');
insert into FLOW_WFOPERATE (WFOPERATEID,WORKFLOWID,WFLEVEID,WFOPERATENAME,NEXTWFLEVEID,CONTROLCOND,BOUND,LEVELBOUND,LEVELNUM,TARGET,ENDSIGN,ISMUCHECK,SENDMETHOD,FLAG,MEMO,VBLINEX1,VBLINEX2,VBLINEY1,VBLINEY2,EXPRESSION,DEPTLEVEL,VBNODESTARTY,VBNODEENDY,LINETYPE,VBNODESTART,VBNODEEND,VBLINESTRAIGHT,VBLINEID,Z_WHO,Z_STATUS,Z_WHEN) values('1535216465358','f6adebe1cf1e45ec9a35314748622e38','1535222898391','返回发送人','1535245987108','NEEDREMOVE,DOMAN','3','1',1,'3','0','4','','','','661.6666666666666','638.3333333333334','206.5','206.5','','','206.5','206.5','straightLine','685','615','','','','','');
insert into FLOW_WFOPERATE (WFOPERATEID,WORKFLOWID,WFLEVEID,WFOPERATENAME,NEXTWFLEVEID,CONTROLCOND,BOUND,LEVELBOUND,LEVELNUM,TARGET,ENDSIGN,ISMUCHECK,SENDMETHOD,FLAG,MEMO,VBLINEX1,VBLINEX2,VBLINEY1,VBLINEY2,EXPRESSION,DEPTLEVEL,VBNODESTARTY,VBNODEENDY,LINETYPE,VBNODESTART,VBNODEEND,VBLINESTRAIGHT,VBLINEID,Z_WHO,Z_STATUS,Z_WHEN) values('1535208379173','f6adebe1cf1e45ec9a35314748622e38','1535253925834','上报处领导','1535245987108','','7','',1,'3','0','4','','','','565.5','565.5','291.6666666666667','268.3333333333333','','','315','245','straightLine','565.5','565.5','','','','','');
insert into FLOW_WFOPERATE (WFOPERATEID,WORKFLOWID,WFLEVEID,WFOPERATENAME,NEXTWFLEVEID,CONTROLCOND,BOUND,LEVELBOUND,LEVELNUM,TARGET,ENDSIGN,ISMUCHECK,SENDMETHOD,FLAG,MEMO,VBLINEX1,VBLINEX2,VBLINEY1,VBLINEY2,EXPRESSION,DEPTLEVEL,VBNODESTARTY,VBNODEENDY,LINETYPE,VBNODESTART,VBNODEEND,VBLINESTRAIGHT,VBLINEID,Z_WHO,Z_STATUS,Z_WHEN) values('1535256667717','f6adebe1cf1e45ec9a35314748622e38','1535245987108','返回申请人','1535253925834','NEEDREMOVE,DOMAN','8','',1,'','0','4','','','','572.5','572.5','268.3333333333333','291.6666666666667','','','245','315','straightLine','572.5','572.5','','','','','');
insert into FLOW_WFOPERATE (WFOPERATEID,WORKFLOWID,WFLEVEID,WFOPERATENAME,NEXTWFLEVEID,CONTROLCOND,BOUND,LEVELBOUND,LEVELNUM,TARGET,ENDSIGN,ISMUCHECK,SENDMETHOD,FLAG,MEMO,VBLINEX1,VBLINEX2,VBLINEY1,VBLINEY2,EXPRESSION,DEPTLEVEL,VBNODESTARTY,VBNODEENDY,LINETYPE,VBNODESTART,VBNODEEND,VBLINESTRAIGHT,VBLINEID,Z_WHO,Z_STATUS,Z_WHEN) values('1535194954883','f6adebe1cf1e45ec9a35314748622e38','1535160942542','上报正处长','1535205664387','','7','',1,'3','0','4','','','','731','731','410','391','','','429','372','straightLine','731','731','','','','','');
insert into FLOW_WFOPERATE (WFOPERATEID,WORKFLOWID,WFLEVEID,WFOPERATENAME,NEXTWFLEVEID,CONTROLCOND,BOUND,LEVELBOUND,LEVELNUM,TARGET,ENDSIGN,ISMUCHECK,SENDMETHOD,FLAG,MEMO,VBLINEX1,VBLINEX2,VBLINEY1,VBLINEY2,EXPRESSION,DEPTLEVEL,VBNODESTARTY,VBNODEENDY,LINETYPE,VBNODESTART,VBNODEEND,VBLINESTRAIGHT,VBLINEID,Z_WHO,Z_STATUS,Z_WHEN) values('1535177594771','f6adebe1cf1e45ec9a35314748622e38','1535205664387','返回申请人','1535160942542','NEEDREMOVE,DOMAN','8','',1,'','0','4','','','','738','738','391','410','','','372','429','straightLine','738','738','','','','','');
insert into FLOW_WFOPERATE (WFOPERATEID,WORKFLOWID,WFLEVEID,WFOPERATENAME,NEXTWFLEVEID,CONTROLCOND,BOUND,LEVELBOUND,LEVELNUM,TARGET,ENDSIGN,ISMUCHECK,SENDMETHOD,FLAG,MEMO,VBLINEX1,VBLINEX2,VBLINEY1,VBLINEY2,EXPRESSION,DEPTLEVEL,VBNODESTARTY,VBNODEENDY,LINETYPE,VBNODESTART,VBNODEEND,VBLINESTRAIGHT,VBLINEID,Z_WHO,Z_STATUS,Z_WHEN) values('1535189008892','f6adebe1cf1e45ec9a35314748622e38','1535205664387','上报部门领导','1535222898391','','1','1',1,'3','0','4','','','','731','731','283','264','leaveLongTime>3 or zczCre=1','','302','245','straightLine','731','731','','','','','');
insert into FLOW_WFOPERATE (WFOPERATEID,WORKFLOWID,WFLEVEID,WFOPERATENAME,NEXTWFLEVEID,CONTROLCOND,BOUND,LEVELBOUND,LEVELNUM,TARGET,ENDSIGN,ISMUCHECK,SENDMETHOD,FLAG,MEMO,VBLINEX1,VBLINEX2,VBLINEY1,VBLINEY2,EXPRESSION,DEPTLEVEL,VBNODESTARTY,VBNODEENDY,LINETYPE,VBNODESTART,VBNODEEND,VBLINESTRAIGHT,VBLINEID,Z_WHO,Z_STATUS,Z_WHEN) values('1535191235788','f6adebe1cf1e45ec9a35314748622e38','1535222898391','返回发送人','1535205664387','NEEDREMOVE,DOMAN','3','1',1,'3','0','4','','','','738','738','264','283','','','245','302','straightLine','738','738','','','','','');
insert into FLOW_WFOPERATE (WFOPERATEID,WORKFLOWID,WFLEVEID,WFOPERATENAME,NEXTWFLEVEID,CONTROLCOND,BOUND,LEVELBOUND,LEVELNUM,TARGET,ENDSIGN,ISMUCHECK,SENDMETHOD,FLAG,MEMO,VBLINEX1,VBLINEX2,VBLINEY1,VBLINEY2,EXPRESSION,DEPTLEVEL,VBNODESTARTY,VBNODEENDY,LINETYPE,VBNODESTART,VBNODEEND,VBLINESTRAIGHT,VBLINEID,Z_WHO,Z_STATUS,Z_WHEN) values('1535200317549','f6adebe1cf1e45ec9a35314748622e38','1535245987108','返回发送人','1535179690009','NEEDREMOVE,DOMAN','3','1',1,'3','0','4','','','','559','559','147.66666666666666','120.33333333333334','leaveLongTime>1 or zkzCre=1','','175','93','straightLine','559','559','','','','','');
insert into FLOW_WFOPERATE (WFOPERATEID,WORKFLOWID,WFLEVEID,WFOPERATENAME,NEXTWFLEVEID,CONTROLCOND,BOUND,LEVELBOUND,LEVELNUM,TARGET,ENDSIGN,ISMUCHECK,SENDMETHOD,FLAG,MEMO,VBLINEX1,VBLINEX2,VBLINEY1,VBLINEY2,EXPRESSION,DEPTLEVEL,VBNODESTARTY,VBNODEENDY,LINETYPE,VBNODESTART,VBNODEEND,VBLINESTRAIGHT,VBLINEID,Z_WHO,Z_STATUS,Z_WHEN) values('1535222417764','f6adebe1cf1e45ec9a35314748622e38','1535179690009','上报处领导','1535245987108','','1','1',1,'3','0','4','','','','566','566','120.33333333333333','147.66666666666666','leaveLongTime>1 or zkzCre=1','','93','175','straightLine','566','566','','','','','');
insert into FLOW_WFOPERATE (WFOPERATEID,WORKFLOWID,WFLEVEID,WFOPERATENAME,NEXTWFLEVEID,CONTROLCOND,BOUND,LEVELBOUND,LEVELNUM,TARGET,ENDSIGN,ISMUCHECK,SENDMETHOD,FLAG,MEMO,VBLINEX1,VBLINEX2,VBLINEY1,VBLINEY2,EXPRESSION,DEPTLEVEL,VBNODESTARTY,VBNODEENDY,LINETYPE,VBNODESTART,VBNODEEND,VBLINESTRAIGHT,VBLINEID,Z_WHO,Z_STATUS,Z_WHEN) values('1535238928729','f6adebe1cf1e45ec9a35314748622e38','1535165817563','上报正科长','1535179690009','','5','1',0,'3','0','4','','','','428.6666666666667','468.3333333333333','63.5','63.5','','1806251720578080192168901340002','63.5','63.5','straightLine','389','508','','','','','');
insert into FLOW_WFOPERATE (WFOPERATEID,WORKFLOWID,WFLEVEID,WFOPERATENAME,NEXTWFLEVEID,CONTROLCOND,BOUND,LEVELBOUND,LEVELNUM,TARGET,ENDSIGN,ISMUCHECK,SENDMETHOD,FLAG,MEMO,VBLINEX1,VBLINEX2,VBLINEY1,VBLINEY2,EXPRESSION,DEPTLEVEL,VBNODESTARTY,VBNODEENDY,LINETYPE,VBNODESTART,VBNODEEND,VBLINESTRAIGHT,VBLINEID,Z_WHO,Z_STATUS,Z_WHEN) values('1535243158841','f6adebe1cf1e45ec9a35314748622e38','1535179690009','返回申请人','1535165817563','ISFIRSTWFLEVE,NEEDREMOVE,DOMAN,WFLISTUSER','8','',1,'','0','4','','','','468.3333333333333','428.6666666666667','56.5','56.5','','','56.5','56.5','straightLine','508','389','','','','','');
insert into FLOW_WFOPERATE (WFOPERATEID,WORKFLOWID,WFLEVEID,WFOPERATENAME,NEXTWFLEVEID,CONTROLCOND,BOUND,LEVELBOUND,LEVELNUM,TARGET,ENDSIGN,ISMUCHECK,SENDMETHOD,FLAG,MEMO,VBLINEX1,VBLINEX2,VBLINEY1,VBLINEY2,EXPRESSION,DEPTLEVEL,VBNODESTARTY,VBNODEENDY,LINETYPE,VBNODESTART,VBNODEEND,VBLINESTRAIGHT,VBLINEID,Z_WHO,Z_STATUS,Z_WHEN) values('1535196286052','f6adebe1cf1e45ec9a35314748622e38','1535165817563','上报处领导','1535245987108','','1','1',1,'3','0','4','','','','429.3333333333333','469.6666666666667','110','153','','','67','196','straightLine','389','510','','','','','');
insert into FLOW_WFOPERATE (WFOPERATEID,WORKFLOWID,WFLEVEID,WFOPERATENAME,NEXTWFLEVEID,CONTROLCOND,BOUND,LEVELBOUND,LEVELNUM,TARGET,ENDSIGN,ISMUCHECK,SENDMETHOD,FLAG,MEMO,VBLINEX1,VBLINEX2,VBLINEY1,VBLINEY2,EXPRESSION,DEPTLEVEL,VBNODESTARTY,VBNODEENDY,LINETYPE,VBNODESTART,VBNODEEND,VBLINESTRAIGHT,VBLINEID,Z_WHO,Z_STATUS,Z_WHEN) values('1535250481519','f6adebe1cf1e45ec9a35314748622e38','1535245987108','返回申请人','1535165817563','NEEDREMOVE,DOMAN','3','1',1,'3','0','4','','','','469.6666666666667','429.3333333333333','160','117','fkzCre=1','','203','74','straightLine','510','389','','','','','');
insert into FLOW_WFOPERATE (WFOPERATEID,WORKFLOWID,WFLEVEID,WFOPERATENAME,NEXTWFLEVEID,CONTROLCOND,BOUND,LEVELBOUND,LEVELNUM,TARGET,ENDSIGN,ISMUCHECK,SENDMETHOD,FLAG,MEMO,VBLINEX1,VBLINEX2,VBLINEY1,VBLINEY2,EXPRESSION,DEPTLEVEL,VBNODESTARTY,VBNODEENDY,LINETYPE,VBNODESTART,VBNODEEND,VBLINESTRAIGHT,VBLINEID,Z_WHO,Z_STATUS,Z_WHEN) values('1535260344403','f6adebe1cf1e45ec9a35314748622e38','1535238080878','返回申请人','1535218802063','','8','',1,'','0','4','','','','280.3333333333333','244.66666666666669','207.5','207.5','','','207.5','207.5','straightLine','316','209','','','','','');
insert into FLOW_PROCESSVARIABLE (VARIABLEID,WORKFLOWID,VARNAME,VARDESC,DATATYPE,VARSOURCE,DEFAULTVALUE,TABLENAME,FIELDNAME,UPDATE_TIME,KEYFIELDNAME) values ('92b4779f5d1249f19ae10b714e50cab1','f6adebe1cf1e45ec9a35314748622e38','fkzCre','','String','request','0','','','','');
insert into FLOW_PROCESSVARIABLE (VARIABLEID,WORKFLOWID,VARNAME,VARDESC,DATATYPE,VARSOURCE,DEFAULTVALUE,TABLENAME,FIELDNAME,UPDATE_TIME,KEYFIELDNAME) values ('9dd4e1c0b67c46e9ad3ec165ca49eda4','f6adebe1cf1e45ec9a35314748622e38','leaveLongTime','请假时长','double','request','','','','','');
insert into FLOW_PROCESSVARIABLE (VARIABLEID,WORKFLOWID,VARNAME,VARDESC,DATATYPE,VARSOURCE,DEFAULTVALUE,TABLENAME,FIELDNAME,UPDATE_TIME,KEYFIELDNAME) values ('f1a3fd284f7e4e91b63f14fd17957f2a','f6adebe1cf1e45ec9a35314748622e38','zkzCre','是否是正科长起草 0：不是 1：是','String','request','0','','','','');
insert into FLOW_PROCESSVARIABLE (VARIABLEID,WORKFLOWID,VARNAME,VARDESC,DATATYPE,VARSOURCE,DEFAULTVALUE,TABLENAME,FIELDNAME,UPDATE_TIME,KEYFIELDNAME) values ('9bbf5805117c4712a72225a783ef62e2','f6adebe1cf1e45ec9a35314748622e38','zczCre','正处长起草 0：不是 1：是','String','request','0','','','','');
insert into FLOW_SUBIDEA_RELATION (ID,IDEA_TYPE_ID,NOTE,STATE,TYPE_ID,TYPE_ORDER,NAME,UPDATE_TIME) values ('c1602831d94e4ce1acd536c8bc6cef06','0f2a45ff212c46d4b020405ecf40842e','部门领导意见','1','f6adebe1cf1e45ec9a35314748622e38','09','ejj_leader_idea','2018-09-13 09:24:47');
insert into FLOW_SUBIDEA_RELATION (ID,IDEA_TYPE_ID,NOTE,STATE,TYPE_ID,TYPE_ORDER,NAME,UPDATE_TIME) values ('04027437a35f48429804a9deeff38886','4adc9405d80b432e9dd95e6b4b494d93','处室领导意见','1','f6adebe1cf1e45ec9a35314748622e38','05','chushi_leader_idea','2018-09-13 09:24:47');
insert into FLOW_SUBIDEA_RELATION (ID,IDEA_TYPE_ID,NOTE,STATE,TYPE_ID,TYPE_ORDER,NAME,UPDATE_TIME) values ('bc50d7c345df406dbc0b9a198cf7ccd8','aec813cfa14a4d12973b363753280540','科室领导意见','1','f6adebe1cf1e45ec9a35314748622e38','14','keshi_leader_idea','2018-09-13 09:24:47');
insert into FLOW_BUTTON_RELATION (ID,BUTTON_ID,NOTE,STATE,UPDATE_TIME,TYPE_ID) values ('518c23b582e840809e4e79bf14d1a039','ghgl37','','1','','f6adebe1cf1e45ec9a35314748622e38');
insert into FLOW_BUTTON_RELATION (ID,BUTTON_ID,NOTE,STATE,UPDATE_TIME,TYPE_ID) values ('1cb30464fe8343259c393f398d22a873','ghgl06','','1','','f6adebe1cf1e45ec9a35314748622e38');
insert into FLOW_BUTTON_RELATION (ID,BUTTON_ID,NOTE,STATE,UPDATE_TIME,TYPE_ID) values ('c25b54d9b1464e369e9a95371680f49b','ghgl07','','1','','f6adebe1cf1e45ec9a35314748622e38');
insert into FLOW_BUTTON_RELATION (ID,BUTTON_ID,NOTE,STATE,UPDATE_TIME,TYPE_ID) values ('b3c9c00753fc46a0843c97e8eedcddab','ghgl14','','1','','f6adebe1cf1e45ec9a35314748622e38');
