insert into FLOW_WORKFLOW (WORKFLOWID,WORKFLOWNAME,CREATETIME,FLOW_ADMIN,DEPT_ID,FLOWTYPE_ID,Z_WHO,Z_STATUS,Z_WHEN,WORKFLOW_EXPAND,ISNOTIFY,LIMITED,NOTIFYTYPE,ISMODIFIED,WAITDOCOMBINE,DESCRIPTION,OWNERS,VEISION,STARTUPTIME,SORTID,WAITDOURL,HANDDONEURL,FORM,DATAFROM,SYS_ID,ORGID,UPDATE_TIME,SUBFILETYPE) values('ac579d480f194e909b361e1db24c87f4','出差申请','2018-08-20 20:04:50','1','','ac579d480f194e909b361e1db24c87f4','','1','','ac579d480f194e909b361e1db24c87f4','0','','','','','','','1','2018-06-22','e1f222bb6de246f1a30f661796560974','/modules/zhbg/kqgl/businessTrip/businessTripEditForm.html','/modules/zhbg/kqgl/businessTrip/businessTripReadOnlyForm.html','','1','97206','18043','2018-08-20 20:04:50','');
insert into FLOW_FILETYPE (FILETYPEID,FILETYPENAME,Z_STATUS,FILEADMIN,FLOWSORT,Z_WHO,SENDCLASS,FLOWOP,DEPTID,FLOWURL,FLOWURL2,FLOWORDER,LISTNAME,PAGENAME,FLOWSORT2,ADMIN_USER,SYS_ID,ORGID,UPDATE_TIME) values ('ac579d480f194e909b361e1db24c87f4','出差申请','1','','e1f222bb6de246f1a30f661796560974','','','','','','','','','考勤管理','','','97206','18043','2018-09-13 09:27:08');
delete from flow_flowtype where WORKFLOWID ='ac579d480f194e909b361e1db24c87f4';
delete from FLOW_FLOWTYPE where FILETYPEID='ac579d480f194e909b361e1db24c87f4';
insert into FLOW_FLOWTYPE (FILETYPEID,WORKFLOWID,UPDATE_TIME) values ('ac579d480f194e909b361e1db24c87f4','ac579d480f194e909b361e1db24c87f4','');
insert into FLOW_WFLEVE (WFLEVEID,WORKFLOWID,WFLEVENAME,WFLEVE_TYPE,WFLEVE_VALUE,SUBFILETYPE,DEPTID,DEPT_LEVEL,ROLEID,DB_SOURCE,IS_START,ISEDIT,IDEAFIELD,SIGNFIELD,ISWRITE,ACCRCOLM,WFLEVECOND,ISMUCHECK,SENDMETHOD,MEMO,BUTTONS,VBNODEX,VBNODEY,TARGETPEOPLE,TARGETDEPT,TABLE_ID,SUBFLAG,FLOW_IDLIST,LINESQUENCE,PREHANDLE,AFTERHANDLE,VARUSER,ISNOTIFY,LIMITED,OVERNOTIFYTYPE,OVERMODIFIED,WAITDOCOMBINE,ISSENDWAITNOTIFY,WAITNOTIFYTYPE,WAITMODIFIED,APPLICATION,AUTONODETYPE,INVOKECONTENT,FORMURL,NODEPURIEWROLEID,WFLEVEID_EXPAND,FLOWCOURSE,CANDO,Z_WHO) values ('7693dd90c5674a2d97375425ebb16ba2','ac579d480f194e909b361e1db24c87f4','副处长','1','0','','','1','100644','','1','0','','','1','','','0','','','','158.0','246.0','','','','','','a91b10781fde45fdad18f263c68ed391|ce721082199d488083697bf70e484de9','','','','0','','','0','','0','','0','','','','','','','','null|','0');
insert into FLOW_WFLEVE (WFLEVEID,WORKFLOWID,WFLEVENAME,WFLEVE_TYPE,WFLEVE_VALUE,SUBFILETYPE,DEPTID,DEPT_LEVEL,ROLEID,DB_SOURCE,IS_START,ISEDIT,IDEAFIELD,SIGNFIELD,ISWRITE,ACCRCOLM,WFLEVECOND,ISMUCHECK,SENDMETHOD,MEMO,BUTTONS,VBNODEX,VBNODEY,TARGETPEOPLE,TARGETDEPT,TABLE_ID,SUBFLAG,FLOW_IDLIST,LINESQUENCE,PREHANDLE,AFTERHANDLE,VARUSER,ISNOTIFY,LIMITED,OVERNOTIFYTYPE,OVERMODIFIED,WAITDOCOMBINE,ISSENDWAITNOTIFY,WAITNOTIFYTYPE,WAITMODIFIED,APPLICATION,AUTONODETYPE,INVOKECONTENT,FORMURL,NODEPURIEWROLEID,WFLEVEID_EXPAND,FLOWCOURSE,CANDO,Z_WHO) values ('8ebcaa77e52d4cfd8e59be0daf200f16','ac579d480f194e909b361e1db24c87f4','正处长','3','0','','','1','100629','','1','0','','','1','','','0','','','ghgl06,ghgl07','317.0','230.0','','','|KQGL_BUSINESS_TRIP_INFO|ID|','APPLICANT_UNIT_ID','','1535252268902|b45bc1fc020a46549bea600febeb08cf','','','','0','','','0','','0','','0','','','','','764d2dc9cde44ed3a21d72f260a192d7|1','','','null|','0');
insert into FLOW_SUBIDEA (ID,NAME,SEQNUMBER,NODEID,ISVISIBLE,COVERMODE,FILLMODE,SPAREFIELD,ISSHOW,ISHQ,UPDATE_TIME,TYPEID,WORKFLOWID) values ('d09c3f6b77c54b649583ef24f5c0a6ab','chushi_leader_idea','0','8ebcaa77e52d4cfd8e59be0daf200f16','1','1','1','','1','','','4adc9405d80b432e9dd95e6b4b494d93','ac579d480f194e909b361e1db24c87f4');
insert into FLOW_WFLEVE (WFLEVEID,WORKFLOWID,WFLEVENAME,WFLEVE_TYPE,WFLEVE_VALUE,SUBFILETYPE,DEPTID,DEPT_LEVEL,ROLEID,DB_SOURCE,IS_START,ISEDIT,IDEAFIELD,SIGNFIELD,ISWRITE,ACCRCOLM,WFLEVECOND,ISMUCHECK,SENDMETHOD,MEMO,BUTTONS,VBNODEX,VBNODEY,TARGETPEOPLE,TARGETDEPT,TABLE_ID,SUBFLAG,FLOW_IDLIST,LINESQUENCE,PREHANDLE,AFTERHANDLE,VARUSER,ISNOTIFY,LIMITED,OVERNOTIFYTYPE,OVERMODIFIED,WAITDOCOMBINE,ISSENDWAITNOTIFY,WAITNOTIFYTYPE,WAITMODIFIED,APPLICATION,AUTONODETYPE,INVOKECONTENT,FORMURL,NODEPURIEWROLEID,WFLEVEID_EXPAND,FLOWCOURSE,CANDO,Z_WHO) values ('0fb1289831bb48349345208bc904b471','ac579d480f194e909b361e1db24c87f4','部门领导','3','0','','','1','100624,100643','','0','0','','','1','','','0','','','ghgl06,ghgl07','509.0','231.0','','','','','','74fbc09e715348dd9b1c589c2bf98ce2|7f4b273828b141a1bdcf15c6e037ca97|1535198678347|1535273012134|1535223429268','','','','0','','','0','','0','','0','','','','','','','','null|','0');
insert into FLOW_SUBIDEA (ID,NAME,SEQNUMBER,NODEID,ISVISIBLE,COVERMODE,FILLMODE,SPAREFIELD,ISSHOW,ISHQ,UPDATE_TIME,TYPEID,WORKFLOWID) values ('4be7ceee5bf649e6abe2d06d2397d00e','ejj_leader_idea','0','0fb1289831bb48349345208bc904b471','1','1','1','','1','','','0f2a45ff212c46d4b020405ecf40842e','ac579d480f194e909b361e1db24c87f4');
insert into FLOW_WFLEVE (WFLEVEID,WORKFLOWID,WFLEVENAME,WFLEVE_TYPE,WFLEVE_VALUE,SUBFILETYPE,DEPTID,DEPT_LEVEL,ROLEID,DB_SOURCE,IS_START,ISEDIT,IDEAFIELD,SIGNFIELD,ISWRITE,ACCRCOLM,WFLEVECOND,ISMUCHECK,SENDMETHOD,MEMO,BUTTONS,VBNODEX,VBNODEY,TARGETPEOPLE,TARGETDEPT,TABLE_ID,SUBFLAG,FLOW_IDLIST,LINESQUENCE,PREHANDLE,AFTERHANDLE,VARUSER,ISNOTIFY,LIMITED,OVERNOTIFYTYPE,OVERMODIFIED,WAITDOCOMBINE,ISSENDWAITNOTIFY,WAITNOTIFYTYPE,WAITMODIFIED,APPLICATION,AUTONODETYPE,INVOKECONTENT,FORMURL,NODEPURIEWROLEID,WFLEVEID_EXPAND,FLOWCOURSE,CANDO,Z_WHO) values ('a1d8c9beb0664b1591b9df5876eae01e','ac579d480f194e909b361e1db24c87f4','一般涉密人员(处)','1','0','','','1','100630','','1','0','','','1','','','0','','','','156.0','140.0','','','','','','30ef23745a5c49569a3305a6cc2dee04','','','','0','','','0','','0','','0','','','','','','','','null|','0');
insert into FLOW_WFLEVE (WFLEVEID,WORKFLOWID,WFLEVENAME,WFLEVE_TYPE,WFLEVE_VALUE,SUBFILETYPE,DEPTID,DEPT_LEVEL,ROLEID,DB_SOURCE,IS_START,ISEDIT,IDEAFIELD,SIGNFIELD,ISWRITE,ACCRCOLM,WFLEVECOND,ISMUCHECK,SENDMETHOD,MEMO,BUTTONS,VBNODEX,VBNODEY,TARGETPEOPLE,TARGETDEPT,TABLE_ID,SUBFLAG,FLOW_IDLIST,LINESQUENCE,PREHANDLE,AFTERHANDLE,VARUSER,ISNOTIFY,LIMITED,OVERNOTIFYTYPE,OVERMODIFIED,WAITDOCOMBINE,ISSENDWAITNOTIFY,WAITNOTIFYTYPE,WAITMODIFIED,APPLICATION,AUTONODETYPE,INVOKECONTENT,FORMURL,NODEPURIEWROLEID,WFLEVEID_EXPAND,FLOWCOURSE,CANDO,Z_WHO) values ('3cd4b20b8e0547e4b81877536712e2e8','ac579d480f194e909b361e1db24c87f4','一般涉密人员(科)/科领导','1','0','','','1','100631,100985,100986','','1','0','','','1','','','0','','','','157.0','34.0','','','|KQGL_BUSINESS_TRIP_INFO|ID|','APPLICANT_UNIT_ID','','beb757de7a9540c6904f7d047f900a64','','','','0','','','0','','0','','0','','','','','','','','null|','0');
insert into FLOW_WFLEVE (WFLEVEID,WORKFLOWID,WFLEVENAME,WFLEVE_TYPE,WFLEVE_VALUE,SUBFILETYPE,DEPTID,DEPT_LEVEL,ROLEID,DB_SOURCE,IS_START,ISEDIT,IDEAFIELD,SIGNFIELD,ISWRITE,ACCRCOLM,WFLEVECOND,ISMUCHECK,SENDMETHOD,MEMO,BUTTONS,VBNODEX,VBNODEY,TARGETPEOPLE,TARGETDEPT,TABLE_ID,SUBFLAG,FLOW_IDLIST,LINESQUENCE,PREHANDLE,AFTERHANDLE,VARUSER,ISNOTIFY,LIMITED,OVERNOTIFYTYPE,OVERMODIFIED,WAITDOCOMBINE,ISSENDWAITNOTIFY,WAITNOTIFYTYPE,WAITMODIFIED,APPLICATION,AUTONODETYPE,INVOKECONTENT,FORMURL,NODEPURIEWROLEID,WFLEVEID_EXPAND,FLOWCOURSE,CANDO,Z_WHO) values ('70253d40d5c349569fe7af1bc026b96a','ac579d480f194e909b361e1db24c87f4','处领导','3','0','','','1','100629,100644','','0','0','','','1','','','0','','','ghgl06,ghgl07,ghgl14,ghgl37','318.0','65.0','','','|KQGL_BUSINESS_TRIP_INFO|ID|','APPLICANT_UNIT_ID','','f3a1c85e629841bb8994e89e886e7ffa|6767736651ee47e1b01635f528a73525','','','','0','','','0','','0','','0','','','','','','','','null|','0');
insert into FLOW_SUBIDEA (ID,NAME,SEQNUMBER,NODEID,ISVISIBLE,COVERMODE,FILLMODE,SPAREFIELD,ISSHOW,ISHQ,UPDATE_TIME,TYPEID,WORKFLOWID) values ('94560e42de944c02a6819ee4ac23cad2','chushi_leader_idea','0','70253d40d5c349569fe7af1bc026b96a','1','1','1','','1','','','4adc9405d80b432e9dd95e6b4b494d93','ac579d480f194e909b361e1db24c87f4');
insert into FLOW_WFOPERATE (WFOPERATEID,WORKFLOWID,WFLEVEID,WFOPERATENAME,NEXTWFLEVEID,CONTROLCOND,BOUND,LEVELBOUND,LEVELNUM,TARGET,ENDSIGN,ISMUCHECK,SENDMETHOD,FLAG,MEMO,VBLINEX1,VBLINEX2,VBLINEY1,VBLINEY2,EXPRESSION,DEPTLEVEL,VBNODESTARTY,VBNODEENDY,LINETYPE,VBNODESTART,VBNODEEND,VBLINESTRAIGHT,VBLINEID,Z_WHO,Z_STATUS,Z_WHEN) values('beb757de7a9540c6904f7d047f900a64','ac579d480f194e909b361e1db24c87f4','3cd4b20b8e0547e4b81877536712e2e8','上报处领导','70253d40d5c349569fe7af1bc026b96a','','1','1',1,'3','0','4','','','','237.33333333333334','277.6666666666667','69.33333333333333','77.66666666666667','','','61','86','straightLine','197','318','','','','','');
insert into FLOW_WFOPERATE (WFOPERATEID,WORKFLOWID,WFLEVEID,WFOPERATENAME,NEXTWFLEVEID,CONTROLCOND,BOUND,LEVELBOUND,LEVELNUM,TARGET,ENDSIGN,ISMUCHECK,SENDMETHOD,FLAG,MEMO,VBLINEX1,VBLINEX2,VBLINEY1,VBLINEY2,EXPRESSION,DEPTLEVEL,VBNODESTARTY,VBNODEENDY,LINETYPE,VBNODESTART,VBNODEEND,VBLINESTRAIGHT,VBLINEID,Z_WHO,Z_STATUS,Z_WHEN) values('f3a1c85e629841bb8994e89e886e7ffa','ac579d480f194e909b361e1db24c87f4','70253d40d5c349569fe7af1bc026b96a','返回申请人','3cd4b20b8e0547e4b81877536712e2e8','ISFIRSTWFLEVE,NEEDREMOVE,DOMAN','8','',1,'','0','4','','','','277.6666666666667','237.33333333333331','84.66666666666667','76.33333333333333','','','93','68','straightLine','318','197','','','','','');
insert into FLOW_WFOPERATE (WFOPERATEID,WORKFLOWID,WFLEVEID,WFOPERATENAME,NEXTWFLEVEID,CONTROLCOND,BOUND,LEVELBOUND,LEVELNUM,TARGET,ENDSIGN,ISMUCHECK,SENDMETHOD,FLAG,MEMO,VBLINEX1,VBLINEX2,VBLINEY1,VBLINEY2,EXPRESSION,DEPTLEVEL,VBNODESTARTY,VBNODEENDY,LINETYPE,VBNODESTART,VBNODEEND,VBLINESTRAIGHT,VBLINEID,Z_WHO,Z_STATUS,Z_WHEN) values('a91b10781fde45fdad18f263c68ed391','ac579d480f194e909b361e1db24c87f4','7693dd90c5674a2d97375425ebb16ba2','上报正处长','8ebcaa77e52d4cfd8e59be0daf200f16','','7','',0,'3','0','4','','','','237.66666666666666','277.3333333333333','268.5','268.5','','','268.5','268.5','straightLine','198','317','','','','','');
insert into FLOW_WFOPERATE (WFOPERATEID,WORKFLOWID,WFLEVEID,WFOPERATENAME,NEXTWFLEVEID,CONTROLCOND,BOUND,LEVELBOUND,LEVELNUM,TARGET,ENDSIGN,ISMUCHECK,SENDMETHOD,FLAG,MEMO,VBLINEX1,VBLINEX2,VBLINEY1,VBLINEY2,EXPRESSION,DEPTLEVEL,VBNODESTARTY,VBNODEENDY,LINETYPE,VBNODESTART,VBNODEEND,VBLINESTRAIGHT,VBLINEID,Z_WHO,Z_STATUS,Z_WHEN) values('b45bc1fc020a46549bea600febeb08cf','ac579d480f194e909b361e1db24c87f4','8ebcaa77e52d4cfd8e59be0daf200f16','返回申请人','7693dd90c5674a2d97375425ebb16ba2','ISFIRSTWFLEVE,NEEDREMOVE,DOMAN','8','',0,'','0','4','','','','277.3333333333333','237.66666666666669','261.5','261.5','','','261.5','261.5','straightLine','317','198','','','','','');
insert into FLOW_WFOPERATE (WFOPERATEID,WORKFLOWID,WFLEVEID,WFOPERATENAME,NEXTWFLEVEID,CONTROLCOND,BOUND,LEVELBOUND,LEVELNUM,TARGET,ENDSIGN,ISMUCHECK,SENDMETHOD,FLAG,MEMO,VBLINEX1,VBLINEX2,VBLINEY1,VBLINEY2,EXPRESSION,DEPTLEVEL,VBNODESTARTY,VBNODEENDY,LINETYPE,VBNODESTART,VBNODEEND,VBLINESTRAIGHT,VBLINEID,Z_WHO,Z_STATUS,Z_WHEN) values('30ef23745a5c49569a3305a6cc2dee04','ac579d480f194e909b361e1db24c87f4','a1d8c9beb0664b1591b9df5876eae01e','上报处领导','70253d40d5c349569fe7af1bc026b96a','','7','',0,'3','0','4','','','','236.66666666666666','277.3333333333333','140','127','','','153','114','straightLine','196','318','','','','','');
insert into FLOW_WFOPERATE (WFOPERATEID,WORKFLOWID,WFLEVEID,WFOPERATENAME,NEXTWFLEVEID,CONTROLCOND,BOUND,LEVELBOUND,LEVELNUM,TARGET,ENDSIGN,ISMUCHECK,SENDMETHOD,FLAG,MEMO,VBLINEX1,VBLINEX2,VBLINEY1,VBLINEY2,EXPRESSION,DEPTLEVEL,VBNODESTARTY,VBNODEENDY,LINETYPE,VBNODESTART,VBNODEEND,VBLINESTRAIGHT,VBLINEID,Z_WHO,Z_STATUS,Z_WHEN) values('6767736651ee47e1b01635f528a73525','ac579d480f194e909b361e1db24c87f4','70253d40d5c349569fe7af1bc026b96a','返回申请人','a1d8c9beb0664b1591b9df5876eae01e','ISFIRSTWFLEVE,NEEDREMOVE,DOMAN','8','',1,'','0','4','','','','277.3333333333333','236.66666666666669','120','133','','','107','146','straightLine','318','196','','','','','');
insert into FLOW_WFOPERATE (WFOPERATEID,WORKFLOWID,WFLEVEID,WFOPERATENAME,NEXTWFLEVEID,CONTROLCOND,BOUND,LEVELBOUND,LEVELNUM,TARGET,ENDSIGN,ISMUCHECK,SENDMETHOD,FLAG,MEMO,VBLINEX1,VBLINEX2,VBLINEY1,VBLINEY2,EXPRESSION,DEPTLEVEL,VBNODESTARTY,VBNODEENDY,LINETYPE,VBNODESTART,VBNODEEND,VBLINESTRAIGHT,VBLINEID,Z_WHO,Z_STATUS,Z_WHEN) values('1535252268902','ac579d480f194e909b361e1db24c87f4','8ebcaa77e52d4cfd8e59be0daf200f16','上报部门领导','0fb1289831bb48349345208bc904b471','','1','1',1,'3','0','4','','','','451','480','268.5','268.5','zczCre=1','','268.5','268.5','straightLine','422','509','','','','','');
insert into FLOW_WFOPERATE (WFOPERATEID,WORKFLOWID,WFLEVEID,WFOPERATENAME,NEXTWFLEVEID,CONTROLCOND,BOUND,LEVELBOUND,LEVELNUM,TARGET,ENDSIGN,ISMUCHECK,SENDMETHOD,FLAG,MEMO,VBLINEX1,VBLINEX2,VBLINEY1,VBLINEY2,EXPRESSION,DEPTLEVEL,VBNODESTARTY,VBNODEENDY,LINETYPE,VBNODESTART,VBNODEEND,VBLINESTRAIGHT,VBLINEID,Z_WHO,Z_STATUS,Z_WHEN) values('1535223429268','ac579d480f194e909b361e1db24c87f4','0fb1289831bb48349345208bc904b471','返回发送人','8ebcaa77e52d4cfd8e59be0daf200f16','ISFIRSTWFLEVE,NEEDREMOVE,DOMAN','3','1',1,'3','0','4','','','','480','451','261.5','261.5','','','261.5','261.5','straightLine','509','422','','','','','');
insert into FLOW_PROCESSVARIABLE (VARIABLEID,WORKFLOWID,VARNAME,VARDESC,DATATYPE,VARSOURCE,DEFAULTVALUE,TABLENAME,FIELDNAME,UPDATE_TIME,KEYFIELDNAME) values ('8dc10008488e470aa2e3681e500bce61','ac579d480f194e909b361e1db24c87f4','zczCre','是否正处长起草 0：不是 1：是','String','request','0','','','','');
insert into FLOW_SUBIDEA_RELATION (ID,IDEA_TYPE_ID,NOTE,STATE,TYPE_ID,TYPE_ORDER,NAME,UPDATE_TIME) values ('13817bd63d5845e29166be720b6d0951','0f2a45ff212c46d4b020405ecf40842e','部门领导意见','1','ac579d480f194e909b361e1db24c87f4','09','ejj_leader_idea','2018-09-13 09:27:08');
insert into FLOW_SUBIDEA_RELATION (ID,IDEA_TYPE_ID,NOTE,STATE,TYPE_ID,TYPE_ORDER,NAME,UPDATE_TIME) values ('2902e3920bff4195b81e7640b0137435','aec813cfa14a4d12973b363753280540','科室领导意见','1','ac579d480f194e909b361e1db24c87f4','14','keshi_leader_idea','2018-09-13 09:27:08');
insert into FLOW_SUBIDEA_RELATION (ID,IDEA_TYPE_ID,NOTE,STATE,TYPE_ID,TYPE_ORDER,NAME,UPDATE_TIME) values ('21501c38f3c34b8a9ddd72e6c7cb4e73','4adc9405d80b432e9dd95e6b4b494d93','处室领导意见','1','ac579d480f194e909b361e1db24c87f4','05','chushi_leader_idea','2018-09-13 09:27:08');
insert into FLOW_BUTTON_RELATION (ID,BUTTON_ID,NOTE,STATE,UPDATE_TIME,TYPE_ID) values ('28474434c76040a39f22abe72501643a','ghgl06','','1','','ac579d480f194e909b361e1db24c87f4');
insert into FLOW_BUTTON_RELATION (ID,BUTTON_ID,NOTE,STATE,UPDATE_TIME,TYPE_ID) values ('de5fd0b8a5594504b4b32930e51a8ebb','ghgl14','','1','','ac579d480f194e909b361e1db24c87f4');
insert into FLOW_BUTTON_RELATION (ID,BUTTON_ID,NOTE,STATE,UPDATE_TIME,TYPE_ID) values ('917b48fb157145e588ec1182079d866f','ghgl37','','1','','ac579d480f194e909b361e1db24c87f4');
insert into FLOW_BUTTON_RELATION (ID,BUTTON_ID,NOTE,STATE,UPDATE_TIME,TYPE_ID) values ('c01eb813166d4a86b11c6e715417091a','ghgl07','','1','','ac579d480f194e909b361e1db24c87f4');
insert into FLOW_NODEPURIEWROLE (ROLEID,ROLENAME,DATAFROMID,WORKFLOWID) values ('764d2dc9cde44ed3a21d72f260a192d7','role_POFYF6','1','ac579d480f194e909b361e1db24c87f4');
